Transaction ID,Transaction Type,Date & time,Asset Acquired,"Quantity Acquired (Bought, Received, etc)",Cost Basis (incl. fees and/or spread) (USD),Data Source,"Asset Disposed (Sold, Sent, etc)",Quantity Disposed,Proceeds (excl. fees and/or spread) (USD)
6a07a8cb-ac49-5d8b-ab4e-6d30181f6a3b,Buy,2018-02-23T06:36:25Z,ETH,0.20948955,200,Coinbase,,,
da8f483e-8f00-55e1-921c-ffed7fcbe622,Receive,2018-02-23T06:41:40Z,BTC,0.001026,0,Not available,,,
952fbd95-cc28-54fd-aaed-7c4941de7561,Buy,2018-03-08T05:59:23Z,LTC,1.60612326,300,Coinbase,,,
84fd1f0a-78d0-5f2a-83d9-38e14b5c8872,Send,2018-03-14T07:16:10Z,,,,,ETH,0.20948955,199.9999999999999999988583
042f5c1d-ffe9-55bb-b8da-1a1310283e6e,Send,2018-03-14T07:20:31Z,,,,,LTC,1.60612326,300.000000000000000054684456
bad05f9a-d15a-568e-a959-64674c71aaaa,Send,2018-03-18T07:53:10Z,,,,,BTC,0.001026,0
12597ff9-9361-5061-b8dc-7270897b1886,Buy,2018-03-21T04:43:18Z,ETH,0.84118497,500,Coinbase,,,
00b8c844-b690-5cfb-b19e-450ff47421de,Send,2018-03-21T05:16:53Z,,,,,ETH,0.84118497,499.99999999999999996490961
17a7c010-8839-5b63-9eba-d98109f76947,Buy,2018-03-31T05:20:09Z,ETH,0.72018157,300,Coinbase,,,
16cf548e-1501-5c53-bba1-ededd2da40bf,Send,2018-03-31T05:35:55Z,,,,,ETH,0.72018157,300.000000000000000033039961
2e26be7a-b546-591e-baa3-6f2c852888b3,Buy,2018-04-15T03:40:44Z,LTC,0.74991451,100,Coinbase,,,
489a6ff9-f6b5-5c22-b561-c0e734d1730c,Send,2018-04-15T04:01:30Z,,,,,LTC,0.15814,21.087737054187683334762
0a8957d4-dd55-52f3-8145-eb07ecca0f37,Send,2018-04-15T04:58:25Z,,,,,LTC,0.59177451,78.912262945812316640090733
b258d9ba-c7f6-5fb4-a3a4-dc501f0b16b0,Buy,2018-04-19T06:16:20Z,LTC,1.39374227,200,Coinbase,,,
0d78f486-798c-5c44-9e88-378ed5ee1faf,Send,2018-04-19T06:29:23Z,,,,,LTC,1.39374227,200.000000000000000007113864
fffff67d-1cb8-55c9-b00a-7bd3d7436dad,Buy,2018-04-20T03:17:15Z,ETH,0.51219739,300,Coinbase,,,
5cbf3c12-ef2d-5040-88cc-de424ea19270,Send,2018-04-20T03:34:37Z,,,,,ETH,0.51219739,299.999999999999999983006466
10e5576e-a7b7-5e3d-a3f4-ab09d818f17a,Buy,2018-04-25T16:15:25Z,ETH,0.48252732,300,Coinbase,,,
edc53af4-d52d-5ac6-a590-8ce8085b9b1f,Send,2018-04-25T16:36:03Z,,,,,ETH,0.48252732,299.99999999999999999533482
a5e84e6f-d11e-58a5-972e-5e7f86c6735f,Buy,2018-04-27T03:45:43Z,ETH,0.30020054,200,Coinbase,,,
333fc869-63ed-580f-af1e-8cce73a39c7f,Send,2018-04-27T04:04:02Z,,,,,ETH,0.30020054,199.999999999999999986572618
d862c930-20ae-584c-9ca5-e37ff48f5993,Buy,2018-05-22T05:59:38Z,BTC,0.02246768,200,Coinbase,,,
33f4bc42-3adf-5cfe-b46e-54d03bfaeaaf,Send,2019-02-11T05:24:02Z,,,,,BTC,0.02246768,200.000000000000000001033584
331c99fb-7060-5d69-9381-fd87c0db6d0a,Buy,2019-04-13T23:16:42Z,BTC,0.05792749,300,Coinbase,,,
e6c873bc-c649-5e40-a1a0-8f403b4bd090,Send,2019-05-17T01:28:30Z,,,,,BTC,0.05792746,299.999844633351108426781128
236fa3a8-e262-51bb-bc91-c851fec86cb6,Buy,2020-11-06T04:31:02Z,BTC,0.01259609,200,Coinbase,,,
959068ec-5246-5864-8875-f96b84b090c9,Buy,2020-11-06T04:32:57Z,XRP,782.866816,200,Coinbase,,,
b58e4cc3-1832-52e9-912e-fd93ca5f252a,Buy,2020-11-13T18:28:36Z,ETH,0.41472878,200,Coinbase,,,
85044adf-80e4-5d67-a6ec-d4340bd705db,Buy,2020-11-16T18:24:30Z,LTC,2.70871702,200,Coinbase,,,
f6eab699-cca3-5b24-a9b6-fe2c9c564944,Buy,2020-11-18T17:49:06Z,ETH,0.41301614,200,Coinbase,,,
4f658b2e-2373-558c-8a34-6ba66ffd4877,Buy,2020-11-18T17:49:36Z,LTC,2.63445573,200,Coinbase,,,
7963b8b4-1b08-5a8a-9dc8-8577ba0cf0f3,Buy,2020-12-15T17:45:53Z,BTC,0.01009995,200,Coinbase,,,
7306f12c-f702-5e6c-885d-90459c5f2b23,Sell,2021-01-03T18:35:37Z,,,,,XRP,782.866816,172.9000000000000152187648
aa3e9432-ec36-5883-9476-0bfb3edd51e2,Send,2021-01-03T18:46:38Z,,,,,BTC,0.02269607,400.000155366648891571110913
aea02dcb-d709-55aa-9a68-df8c49e74c39,Send,2021-01-03T20:56:14Z,,,,,ETH,0.82774492,399.99999999999999998192492
80979244-8854-5083-8e3e-2e42462b171d,Send,2021-01-03T21:29:07Z,,,,,LTC,5.34317275,400.000000000000000162134017
db7add0b-8be6-561a-b31e-2dc75f3c0303,Buy,2022-03-18T23:21:22Z,USDC,100,100,Coinbase,,,
d2844b11-16b0-5b61-897c-add8fc5cdb04,Sell,2022-03-25T19:18:41Z,,,,,USDC,100,100
00c27277-4b70-5530-b603-86e7e8855cdb,Buy,2022-03-25T19:21:19Z,USDC,400,400,Coinbase,,,
7d506fdd-849b-510c-b244-a35c0436d9e0,Sell,2022-03-25T19:22:54Z,,,,,USDC,400,400
8fff3792-f8e6-519a-b0ce-6c1c4e996db4,Rewards,2022-04-04T19:43:58Z,USDC,0.002807,0.002807,Coinbase,,,
f511a369-ddd7-53f4-b816-19badf71a298,Buy,2022-07-23T18:19:50Z,USDC,3000,3000,Coinbase,,,
5538933f-982b-5329-952b-5b41612a8464,Send,2022-07-28T03:56:35Z,,,,,USDC,1000.914808,1000.914808
037af3e2-27c8-57bc-b536-95a680ae3529,Send,2022-07-28T04:15:17Z,,,,,USDC,1999.087999,1999.087999
c8b88819-807b-5df5-9cf4-fc12c7b30183,Rewards,2022-08-05T16:08:58Z,USDC,0.054265,0.054265,Coinbase,,,
70b7d890-350a-5181-8495-8abba7c7b59a,Buy,2022-08-17T18:13:57Z,USDC,500,500,Coinbase,,,
a264fc60-5b61-5232-9f98-70845740351e,Send,2022-08-18T21:50:52Z,,,,,USDC,499.271137,499.271137
566f5747-b51f-5f78-adb0-8391466f7d9a,Buy,2022-08-24T20:32:38Z,USDC,500,500,Coinbase,,,
ab21c07b-6044-5ba9-b960-f722b791f9f9,Buy,2022-08-27T17:54:33Z,USDC,250,250,Coinbase,,,
754a1950-d39e-5b4e-a480-02e8260029db,Send,2022-09-01T16:45:17Z,,,,,USDC,250,250
67ced7f5-a1b6-54ba-98fc-69550dcc6154,Buy,2022-09-02T00:26:31Z,USDC,250,250,Coinbase,,,
5c151708-5442-51ec-a2c5-72cfd5861761,Rewards,2022-09-04T04:36:55Z,USDC,0.021417,0.021417,Coinbase,,,
51fccfdc-b4fc-54d8-8efd-4645e286db48,Buy,2022-09-09T00:26:30Z,USDC,250,250,Coinbase,,,
b743de01-f9bf-57d8-82e4-590bf7138bf0,Send,2022-09-09T03:20:08Z,,,,,USDC,501.518152,501.518152
1d8210cd-a29c-5aa6-bf38-809f2193e707,Buy,2022-09-16T03:08:49Z,USDC,1500,1500,Coinbase,,,
3a47b985-2b9c-54ad-bf32-3926b542a6c5,Send,2022-09-16T03:16:50Z,,,,,USDC,1501.264042,1501.264042
1750e650-af0f-52b5-8a5a-8838812aebaa,Buy,2022-09-23T00:25:25Z,USDC,250,250,Coinbase,,,
ee7b0279-c250-53ee-ab23-6b564a607dc7,Send,2022-10-01T17:49:07Z,,,,,USDC,500.809433,500.809433
4b5b20c6-1ef5-5d95-9200-2a3140af1afb,Rewards,2022-10-03T19:50:31Z,USDC,0.077838,0.077838,Coinbase,,,
8e003b85-3a26-5967-a7b8-8b33ae17edd3,Buy,2022-10-07T00:28:23Z,USDC,250,250,Coinbase,,,
34a7d09e-004c-501a-95d9-57c489b60a69,Buy,2022-10-07T00:45:25Z,ETH,0.37503863,520,Coinbase,,,
0914c1e9-3f6e-5e09-81d1-8ff645e851ba,Convert,2022-10-07T01:33:42Z,,,,,ETH,0.221036,306.4716826637298669708764
657ac798-efa2-52a0-9c2c-42682e0eb859,Convert,2022-10-07T01:33:43Z,ETH2,0.221036,306.4716826637298669708764,Coinbase,,,
057e2b8b-3da2-5a6d-aee8-0829cecf5980,Buy,2022-10-07T17:36:07Z,USDC,230,230,Coinbase,,,
da2c1c7e-3b59-508b-ab21-95f36eb90c79,Send,2022-10-07T17:42:26Z,,,,,USDC,497.290756,497.290756
124c99e2-b943-5298-b43d-25d2cbccbd62,Buy,2022-10-08T20:58:30Z,USDC,800,800,Coinbase,,,
aff2f89f-9c4b-56c7-92ca-12ab506ec2e0,Reward,2022-10-09T04:21:34Z,ETH,0.022883382469041,30.001258586036204,Coinbase,,,
7cb4b0b6-819d-57f5-b1ed-92a807cdf25c,Rewards,2022-10-12T17:55:05Z,ETH2,0.00004386,0.0807024,Coinbase,,,
5c7ea55e-4ef3-55ff-b597-bbe8bd79555c,Rewards,2022-10-15T18:14:02Z,ETH2,0.00006458,0.1188272,Coinbase,,,
91a3db03-6272-56cc-b728-7768e9616db5,Send,2022-10-17T03:49:53Z,,,,,USDC,1030,1030
0e4c7b16-8cad-519f-8379-d054f5fc5a10,Rewards,2022-10-19T00:09:38Z,ETH2,0.00006629,0.1219736,Coinbase,,,
647d396d-ba5b-58e6-bb28-b367380eded2,Buy,2022-10-21T00:16:51Z,USDC,250,250,Coinbase,,,
9de257a7-284d-5433-9882-5fc8f4af8bfb,Rewards,2022-10-25T01:01:46Z,ETH2,0.00006429,0.1182936,Coinbase,,,
dc296a4f-9093-53d4-98e2-599d38f4c5c1,Rewards,2022-10-26T04:45:24Z,ETH2,0.00006652,0.1223968,Coinbase,,,
8c18eb37-b2ab-5d1c-a440-0854e33f2f4e,Rewards,2022-10-27T17:24:59Z,ETH2,0.00006434,0.1183856,Coinbase,,,
d6979919-80ce-585a-b4e0-6aecde5f9adc,Rewards,2022-10-31T23:34:41Z,ETH2,0.00006944,0.1277696,Coinbase,,,
00699738-920c-5ed1-a605-b6848fa1d050,Spend,2022-11-02T05:06:43Z,,,,,USDC,1.83,1.83
a192b066-0942-54fc-a1ad-ceb8e7f3ee03,Card rebate reward,2022-11-02T16:10:47Z,XLM,0.672164,0.073200003928,Coinbase,,,
7f0cc910-10e7-525f-b0e6-23be08e68607,Rewards,2022-11-02T20:17:25Z,ETH2,0.0000677,0.124568,Coinbase,,,
b1b9ee42-2e29-5c38-a201-621468c72f5b,Spend,2022-11-04T04:38:16Z,,,,,USDC,166.41,166.41
80e52020-b23a-52f9-9404-19e341e0aef1,Buy,2022-11-04T06:22:25Z,USDC,250,250,Coinbase,,,
3e0fdb97-fe22-523f-a12e-5471dba6f411,Rewards,2022-11-05T19:12:24Z,ETH2,0.00006786,0.1248624,Coinbase,,,
43051530-3c57-5fb4-933a-73527ce7ed8a,Card rebate reward,2022-11-06T13:02:41Z,XLM,55.2299775,6.246399995295,Coinbase,,,
f21e8d61-15fe-512d-97fa-319ecdfa5044,Buy,2022-11-06T13:02:44Z,USDC,10.25,10.25,Coinbase,,,
48962f80-3eb5-5712-bb45-b58cb67fe89b,Card rebate reward,2022-11-08T01:30:37Z,XLM,4.7978941,0.53039999591385,Coinbase,,,
e156b8bc-c4cf-5eff-b254-8c6e86d68015,Spend,2022-11-08T01:30:53Z,,,,,USDC,13.26,13.26
5465a442-6565-5ec9-b4fa-cc6216c21da9,Spend,2022-11-08T02:17:05Z,,,,,USDC,1.89,1.89
09337b4a-2251-58ef-a575-14db997351f7,Card rebate reward,2022-11-08T16:14:31Z,XLM,0.7128007,0.07559999864235,Coinbase,,,
68f621dd-76c6-5e03-a030-d5829fcf354e,Rewards,2022-11-10T01:10:04Z,ETH2,0.0000786,0.144624,Coinbase,,,
1ae719c8-ac21-5035-8c81-55b4e3f0a3f4,Spend,2022-11-11T04:48:52Z,,,,,USDC,179.6,179.6
5b76307a-9f2e-5bee-bd09-c267bc322e9d,Spend,2022-11-11T17:55:06Z,,,,,USDC,3.5,3.5
0b7b2fbd-bcff-59f9-839d-81929ee22f24,Rewards,2022-11-12T00:13:04Z,ETH2,0.00007299,0.1343016,Coinbase,,,
2a446804-19aa-50a2-a340-3fd4051564a4,Buy,2022-11-12T06:13:42Z,USDC,250,250,Coinbase,,,
13d235ca-4aa2-54b5-ad9b-03bfcb2c054d,Spend,2022-11-12T21:18:05Z,,,,,USDC,24.53,24.53
cd51e581-7399-5b05-a2a8-79289d9eb2bd,Spend,2022-11-12T22:50:47Z,,,,,USDC,10.25,10.25
4c766ce0-f166-5ce6-8a60-6e1e355d2004,Card rebate reward,2022-11-13T13:55:05Z,XLM,82.1025609,7.32399999636495,Coinbase,,,
b2689cb8-4399-5f44-a7d4-cbe7a4cd6b1f,Card rebate reward,2022-11-13T15:10:59Z,XLM,4.5735193,0.40999999792745,Coinbase,,,
f63a43f4-9fd9-585a-80a2-3c97baa0e50f,Card rebate reward,2022-11-14T12:48:07Z,XLM,11.0159311,0.9811999990081,Coinbase,,,
b051bb00-8099-5b6a-ad8a-e84a67754318,Rewards,2022-11-14T23:10:27Z,ETH2,0.00014467,0.2661928,Coinbase,,,
8d13ace0-f750-51f9-9005-fcb317b63f3d,Spend,2022-11-14T23:37:07Z,,,,,USDC,1.34,1.34
c90a7ea7-1eb1-5272-a3b5-919ea1726ffe,Spend,2022-11-15T01:57:29Z,,,,,USDC,55,55
2294cce1-6f3c-5db8-bb6d-4b562bdcb792,Spend,2022-11-15T02:10:16Z,,,,,USDC,15,15
e5255b85-4d6b-5d81-9760-aac27199a948,Card rebate reward,2022-11-15T16:10:23Z,XLM,6.3956339,0.5999999986946,Coinbase,,,
31aac68a-f695-5549-89ea-262f62ff8cd5,Card rebate reward,2022-11-15T16:14:37Z,XLM,0.5693829,0.0535999980573,Coinbase,,,
58929d02-c39c-52e1-a990-46626c474c04,Card rebate reward,2022-11-16T14:48:03Z,XLM,26.8322815,2.40000000262675,Coinbase,,,
937f1a56-aa2f-5533-a3a6-66dc2dc9e67c,Spend,2022-11-16T14:48:04Z,,,,,USDC,5,5
a1d7bf97-0868-5c47-80c6-0755a3fb8f43,Rewards,2022-11-17T19:04:53Z,USDC,0.111551,0.111551,Coinbase,,,
e111b806-6878-54a7-95cf-74ea4e79de24,Rewards,2022-11-17T23:20:05Z,ETH2,0.00010268,0.1889312,Coinbase,,,
2b5bd05f-2c3a-5ab8-a121-f451c1977240,Card rebate reward,2022-11-18T01:54:46Z,ALGO,1.503428,0.4057000458,Coinbase,,,
c7247bf3-90ea-5b5b-8256-61522f90a844,Spend,2022-11-18T01:55:01Z,,,,,USDC,40.57,40.57
56c21532-7ea7-5913-b9f2-8c61e8c1fae5,Buy,2022-11-18T06:25:03Z,USDC,250,250,Coinbase,,,
d6687761-168b-56bd-975f-59bb32f85a0a,Spend,2022-11-18T23:58:13Z,,,,,USDC,20,20
b13f4d64-5c5d-598c-9d43-6ae2b7e6ece4,Card rebate reward,2022-11-19T16:10:32Z,ALGO,0.748299,0.219999906,Coinbase,,,
ba890cb6-aeb5-593a-98ac-3e749ed6ea10,Spend,2022-11-19T16:10:35Z,,,,,USDC,2,2
410e6b04-e628-5fcc-8f26-aa27a96b559a,Spend,2022-11-19T20:16:51Z,,,,,USDC,20.54,20.54
52a2a5df-6b45-5d6e-9193-0485ea9391a2,Spend,2022-11-19T21:47:18Z,,,,,USDC,2,2
adfa0722-359c-57c4-abd8-c9415a22f4b6,Spend,2022-11-20T03:11:04Z,,,,,USDC,25.82,25.82
3f8b1b82-2183-5da9-b980-b306e06cf4ff,Rewards,2022-11-20T23:24:11Z,ETH2,0.00008442,0.1553328,Coinbase,,,
2d4391b8-5f06-53e7-a871-62ff34040f8b,Spend,2022-11-21T12:53:13Z,,,,,USDC,5,5
75b06654-baae-541d-95b4-0479b14ac8ad,Card rebate reward,2022-11-22T04:57:38Z,ALGO,0.874601,0.20540004485,Coinbase,,,
4f9c959e-2ed8-5e9b-9572-cab29ca0778f,Card rebate reward,2022-11-22T15:57:58Z,ALGO,0.08316,0.01999998,Coinbase,,,
a56edd8c-2b50-571a-866e-da12e246eb0d,Card rebate reward,2022-11-22T20:57:49Z,ALGO,1.285774,0.3082000278,Coinbase,,,
35ac732f-ae96-537c-a390-68667dfd92f4,Spend,2022-11-23T01:14:02Z,,,,,USDC,12.05,12.05
97dfdc58-46e6-5cd9-843c-27a8a23443ee,Spend,2022-11-23T03:03:39Z,,,,,USDC,145.37,145.37
5b6d3459-31bb-5616-a095-53e780072cc8,Spend,2022-11-23T20:56:08Z,,,,,USDC,2,2
2e4d40bd-627b-5335-8b1c-c72ddefa608b,Rewards,2022-11-24T00:25:55Z,ETH2,0.00007974,0.1467216,Coinbase,,,
a905304e-35f7-528a-be51-065cb710c874,Card rebate reward,2022-11-24T13:08:16Z,ALGO,0.544771,0.13049989305,Coinbase,,,
da1fe3a7-7d7c-5fe4-80bc-701972cbe007,Spend,2022-11-24T13:08:17Z,,,,,USDC,1,1
5132a69c-46f1-56a2-bb9a-3a8f6738451d,Card rebate reward,2022-11-25T13:38:14Z,ALGO,0.082986,0.02000005669734,Coinbase,,,
c0a07c09-6c91-55fe-b934-07276662f713,Card rebate reward,2022-11-25T13:42:35Z,ALGO,4.8794,1.17129997,Coinbase,,,
b3f0ed87-f383-58dd-bed4-f3ffb541a8b6,Buy,2022-11-25T13:42:46Z,USDC,28.24,28.24,Coinbase,,,
4afc8b1a-7aa3-54ac-9758-26a5d6c07717,Spend,2022-11-26T01:13:27Z,,,,,USDC,30,30
e8f9efb2-1c5c-510b-9150-d10a5d0c57f2,Rewards,2022-11-26T17:00:17Z,ETH2,0.00007976,0.1467584,Coinbase,,,
f63fd61b-97a8-5bf7-9f87-662852b08bf3,Card rebate reward,2022-11-27T12:40:57Z,ALGO,1.217285,0.29999988825,Coinbase,,,
a1717ee3-2581-5eaa-a128-2cdcff317687,Card rebate reward,2022-11-27T23:47:25Z,ALGO,0.910414,0.21900008769999996,Coinbase,,,
1f708abb-e2e4-5ef8-bed6-a97aff0cc99d,Spend,2022-11-27T23:47:41Z,,,,,USDC,21.9,21.9
afbf5a3c-86f4-5a83-bf00-7e716dc3b33a,Rewards,2022-11-29T17:13:49Z,ETH2,0.00007947,0.1462248,Coinbase,,,
40c50edf-811d-5795-ba8d-47abbb567f78,Spend,2022-11-30T23:25:55Z,,,,,USDC,147.42,147.42
4b15e662-45df-589a-baec-30b57ee5f6c1,Buy,2022-11-30T23:34:35Z,USDC,300,300,Coinbase,,,
3e54143c-920e-5b4a-88cb-1c260f904917,Buy,2022-12-02T06:24:51Z,USDC,250,250,Coinbase,,,
c46bfe9c-3002-55bc-8121-3ef4497eb75d,Card rebate reward,2022-12-02T15:18:21Z,ALGO,5.799917,1.4058998808,Coinbase,,,
bf0203e9-3792-5493-8675-c79d12e2e2c8,Buy,2022-12-02T15:18:24Z,USDC,6.83,6.83,Coinbase,,,
80594ae9-545a-5f86-820a-0fe2fc9646ad,Rewards,2022-12-02T23:31:30Z,ETH2,0.00007268,0.1337312,Coinbase,,,
7a1237ce-607b-5095-8bc3-b94a02714c76,Rewards,2022-12-03T17:47:59Z,USDC,0.37945,0.37945,Coinbase,,,
122e77a8-2633-57cb-a656-c87202f15d07,Spend,2022-12-03T22:29:11Z,,,,,USDC,26.42,26.42
99ed826e-3e9a-5e42-80f0-c8118dc65cce,Spend,2022-12-05T03:15:47Z,,,,,USDC,72.7,72.7
c2dc0972-eadb-5783-9af3-425d9f4ee719,Spend,2022-12-05T03:29:23Z,,,,,USDC,13.87,13.87
1f1c31f4-d3dc-5615-aa8b-d5f16fdb41ef,Card rebate reward,2022-12-05T13:25:48Z,ALGO,0.573377,0.1386998963,Coinbase,,,
bdf76c64-469a-5ee2-96a1-974b36ac0fbe,Card rebate reward,2022-12-05T14:30:09Z,ALGO,1.221507,0.29407781025,Coinbase,,,
fe5e6942-f6e2-5e7b-bb23-ed5ca8de3365,Spend,2022-12-05T14:30:09Z,,,,,USDC,3,3
8c262f81-ef1c-5cad-8143-fcf327d47263,Rewards,2022-12-05T19:08:02Z,ETH2,0.00007276,0.1338784,Coinbase,,,
caebe4d9-69fc-531b-b611-cb1c704a31e7,Spend,2022-12-05T23:37:23Z,,,,,USDC,0.25,0.25
578de25f-ee64-5f3b-8dab-984e33ef95cf,Spend,2022-12-06T02:09:37Z,,,,,USDC,55,55
b52fa406-6d4a-5dcf-9b5d-52bd7e4ef170,Card rebate reward,2022-12-06T02:23:43Z,ALGO,1.187222,0.2805999197,Coinbase,,,
73d3b53b-0d9f-5cfa-9368-973072905413,Spend,2022-12-06T02:24:03Z,,,,,USDC,28.06,28.06
1e75d1e8-bf1e-5495-87b3-ebf4a13646ff,Card rebate reward,2022-12-06T12:29:10Z,ALGO,3.321222,0.7769998869,Coinbase,,,
a72a6214-ca39-5060-911c-b37c3c3269c4,Spend,2022-12-06T12:29:11Z,,,,,USDC,5,5
098d82e7-0f6a-535d-aa73-e6c904ab6d77,Card rebate reward,2022-12-06T15:24:31Z,ALGO,2.578981,0.59999992965,Coinbase,,,
cd624f0f-99d6-560d-8059-a24d4c057bc9,Spend,2022-12-06T15:24:33Z,,,,,USDC,5,5
1a09d127-5934-5aba-be3f-f34e4ad49cd8,Card rebate reward,2022-12-06T15:56:14Z,ALGO,0.010718,0.0024999735,Coinbase,,,
855c71b0-b71c-5b95-af93-a2d56ce881b4,Rewards,2022-12-08T20:15:09Z,ETH2,0.00006874,0.1264816,Coinbase,,,
8dd03c19-de34-5232-a94b-f61f6b420a2f,Rewards,2022-12-11T16:58:14Z,ETH2,0.00007025,0.12926,Coinbase,,,
a8ab70f6-1ff2-5a0a-896d-9aa957bdc46b,Rewards,2022-12-14T19:11:54Z,ETH2,0.00007094,0.1305296,Coinbase,,,
24d2906b-c435-5c71-8dc2-2e61538291a7,Buy,2022-12-16T06:15:43Z,USDC,250,250,Coinbase,,,
839589e1-4079-58ff-a283-85b7f316a71d,Rewards,2022-12-18T00:05:57Z,ETH2,0.00006962,0.1281008,Coinbase,,,
7bd7d9ba-cbf2-5b8b-a8c4-997b2c118861,Spend,2022-12-19T18:55:47Z,,,,,USDC,142.67,142.67
27952601-fdab-54b7-b7ec-1fa1900ce361,Rewards,2022-12-20T22:29:36Z,ETH2,0.00007548,0.1388832,Coinbase,,,
1133bbc9-54a0-5304-86cd-6ef6c84ecd73,Card rebate reward,2022-12-21T14:18:47Z,XLM,68.6364363,5.1524000001684,Coinbase,,,
93d07431-3c13-58c1-ac16-e94a12242d20,Buy,2022-12-21T14:18:49Z,USDC,13.86,13.86,Coinbase,,,
1b1f74df-0751-5e86-983b-820380c2413d,Spend,2022-12-23T18:09:00Z,,,,,USDC,49.11,49.11
8bd5b33e-0c44-53df-b03b-13d573561032,Rewards,2022-12-23T20:58:21Z,ETH2,0.00007531,0.1385704,Coinbase,,,
a1be04e5-632a-5986-ac09-a71de139cc75,Card rebate reward,2022-12-25T02:34:32Z,XLM,9.9968373,0.7428000003205499,Coinbase,,,
7fe3d9c9-c313-53fb-8096-f35c3055b8e7,Spend,2022-12-25T02:34:48Z,,,,,USDC,18.57,18.57
9e012c4e-2782-5915-8243-8c5c019481e7,Card rebate reward,2022-12-25T12:56:59Z,XLM,26.3162513,1.94960000318355,Coinbase,,,
f0566ebe-2011-5044-998a-44aeee17734e,Buy,2022-12-25T12:57:02Z,USDC,0.37,0.37,Coinbase,,,
1401e552-e88d-550d-a51f-222d99009f5a,Rewards,2022-12-27T00:23:24Z,ETH2,0.00007177,0.1320568,Coinbase,,,
b91f0361-7eb0-5785-8557-291eb8fdaaca,Spend,2022-12-28T21:46:19Z,,,,,USDC,119.46,119.46
809c0dbe-77f7-50ad-8334-be18984da444,Spend,2022-12-28T22:27:24Z,,,,,USDC,1.21,1.21
d86ba4e0-4195-52d0-8763-2b8c6ece0ddb,Rewards,2022-12-29T19:16:10Z,ETH2,0.00007132,0.1312288,Coinbase,,,
65444c6b-38a0-5e33-b0a8-a449ed3adf6d,Buy,2022-12-30T00:15:29Z,USDC,250,250,Coinbase,,,
c5b7e629-41db-55bb-95c1-efe1c094d33e,Card rebate reward,2022-12-30T13:44:05Z,XLM,67.0691632,4.826800002596001,Coinbase,,,
0f848749-2a6a-5cd3-a940-ec5fc563027a,Spend,2022-12-30T20:42:57Z,,,,,USDC,172,172
874786db-3f9a-5cf7-8205-0cb0f1d04a8f,Spend,2022-12-30T20:50:05Z,,,,,USDC,134.87,134.87
c602fbde-a233-50a6-bd33-b360303cf4aa,Spend,2022-12-31T02:35:45Z,,,,,USDC,18.49,18.49
b89bb753-fdc5-5f92-a033-c7a2603afb03,Spend,2022-12-31T06:12:38Z,,,,,USDC,5,5
39c51c00-9e6c-5607-9663-df6643ad5d86,Card rebate reward,2022-12-31T14:06:38Z,XLM,75.2559775,5.394800003065,Coinbase,,,
c65310e1-a2c3-5b07-89ac-8a91c97bfdf6,Card rebate reward,2022-12-31T14:11:36Z,XLM,95.9159063,6.88000000094585,Coinbase,,,
d60fceb3-6462-5c3c-b3c8-5d83ebda2174,Card rebate reward,2023-01-01T14:25:49Z,XLM,10.2815756,0.739553732908,Coinbase,,,
fc127600-87dd-50c3-b835-cfb9b3b51578,Card rebate reward,2023-01-01T15:05:03Z,XLM,2.7846233,0.1999999992759,Coinbase,,,
d86dd545-cd34-57ae-b769-2eadaba0351c,Rewards,2023-01-01T19:29:12Z,ETH2,0.00006932,0.1275488,Coinbase,,,
9d17eda7-5e11-5215-b223-72f5212a3a59,Card rebate reward,2023-01-02T03:15:44Z,XLM,8.0350662,0.5756000023031999,Coinbase,,,
21ed78f1-ff28-5e88-9bdb-d880885a1237,Spend,2023-01-02T03:16:00Z,,,,,USDC,14.39,14.39
29c8c51f-0a14-54d0-aaac-4339b4b2dd3b,Convert,2023-01-03T10:05:34Z,,,,,ETH,0.17688601,243.529572685270133973534657
069ed22f-31f6-53ee-b4d7-2c996f50df63,Convert,2023-01-03T10:05:37Z,ETH2,0.17688601,243.529572685270133973534657,Coinbase,,,
a8ae0f78-384b-5381-a022-9839b9987a55,Buy,2023-01-03T10:16:37Z,USDC,500,500,Coinbase,,,
8507f2e8-4b34-55e9-abec-deed619ce7a1,Converted from,2023-01-03T10:35:05Z,,,,,XLM,557.1939829,41.2741442833175
007ae7d9-7d23-5f5c-95d2-3494d8dfc788,Converted to,2023-01-03T10:35:05Z,ALGO,217.958983,41.2741442833175,Coinbase,,,
eddf9c5d-7d75-5b83-8276-ba6b30d1716a,Spend,2023-01-03T19:52:50Z,,,,,USDC,16.2,16.2
2edf95bc-adb0-552b-8342-2817a7e58f76,Card rebate reward,2023-01-03T20:09:56Z,XLM,1.4682404,0.107599997714,Coinbase,,,
e6e4deb9-b985-590e-8c5b-896de406777d,Spend,2023-01-03T20:10:18Z,,,,,USDC,2.69,2.69
2a387463-16e5-5fdd-bde0-7deb08222e7e,Spend,2023-01-03T21:11:00Z,,,,,USDC,50.03,50.03
1c9899ac-9fa6-57cb-81f9-76af70222c26,Rewards,2023-01-04T02:09:34Z,USDC,0.63644,0.63644,Coinbase,,,
42b74511-8dd4-5df4-bbea-4be1fe742dcf,Card rebate reward,2023-01-04T15:29:15Z,XLM,8.7869768,0.6479999976044,Coinbase,,,
f6f31e1f-fd80-5c9f-b1cf-17a46164cedd,Spend,2023-01-04T19:47:41Z,,,,,USDC,22.29,22.29
1218174c-fc5a-56a4-8e43-2ca2e9f38dec,Rewards,2023-01-05T00:44:33Z,ETH2,0.0000745,0.13708,Coinbase,,,
a11af871-fba7-546e-a810-af9079d66010,Reward,2023-01-05T06:31:25Z,GRT,16.2469536961819659,1,Coinbase,,,
5f0c2a5c-1d58-5f03-a02d-dca6799b84f5,Reward,2023-01-05T06:32:10Z,GRT,16.2469536961819659,1,Coinbase,,,
5a197b4b-301e-5ad9-bf6f-6091f9d471de,Reward,2023-01-05T06:33:05Z,GRT,16.2337662337662338,1,Coinbase,,,
643ce17d-9f8c-5667-8e3c-85fb90c254bb,Reward,2023-01-05T06:34:07Z,GRT,16.2469536961819659,1,Coinbase,,,
362e5990-849c-5caf-8ac1-44761173242d,Converted from,2023-01-05T06:35:45Z,,,,,GRT,64.87804878,3.993243902409
a5818611-9c47-52dc-af72-f77026618d4c,Converted to,2023-01-05T06:35:45Z,ALGO,20.571633,3.993243902409,Coinbase,,,
3830c529-e01d-514d-a437-196f1035ce3d,Card rebate reward,2023-01-05T13:49:35Z,XLM,12.1949051,0.89159999912375,Coinbase,,,
ceb08fc4-cb98-5df5-b738-83dac2adc5bc,Card rebate reward,2023-01-05T15:08:35Z,XLM,27.0512943,1.9824000001869,Coinbase,,,
e75af0c0-657a-5738-8b3e-ad7208da8596,Buy,2023-01-05T15:08:50Z,USDC,0.47,0.47,Coinbase,,,
e2ed54c8-1c61-5284-943a-c02c5c5dcd67,Spend,2023-01-05T19:50:50Z,,,,,USDC,24.56,24.56
475053cf-6664-5a8b-b798-ff2a7d7e1ac1,Reward,2023-01-05T21:06:09Z,AMP,316.9572107765451664,1,Coinbase,,,
66cc693b-37f4-51dd-895d-33aaafddd149,Reward,2023-01-05T21:07:10Z,AMP,316.9572107765451664,1,Coinbase,,,
e493644e-ae15-5e59-967e-17de8015cfae,Reward,2023-01-05T21:08:22Z,AMP,316.9572107765451664,1,Coinbase,,,
9419643f-d393-5f05-be03-99900307eb13,Reward,2023-01-05T21:09:04Z,AMP,316.9572107765451664,1,Coinbase,,,
0ddba3d0-a6ee-5cf8-b0d0-0e8aacb750a5,Reward,2023-01-05T21:09:49Z,NEAR,0.6462035541195477,1,Coinbase,,,
77e51abb-11a7-5eb3-b75e-41fdd136ca49,Reward,2023-01-05T21:10:30Z,NEAR,0.6462035541195477,1,Coinbase,,,
93a35d3c-cd13-57c4-a7da-b6ef121f9ec6,Reward,2023-01-05T21:11:13Z,NEAR,0.6466214031684449,1,Coinbase,,,
41226eee-a69f-5b61-b104-aa953ef4676c,Converted from,2023-01-05T21:14:14Z,,,,,NEAR,1.9367333763718528,2.99806326662362794072666236281472
af2bcd27-63e4-5d99-85a9-f9da0f5f02b1,Converted to,2023-01-05T21:14:14Z,MATIC,3.67912263,2.99806326662362794072666236281472,Coinbase,,,
712a8ac4-3db8-578a-a8c9-aa7d6af25295,Converted from,2023-01-05T21:14:51Z,,,,,AMP,1262.65822785,3.98368670886675
1d8cabc4-17cd-5615-a4e4-12f847c8e603,Converted to,2023-01-05T21:14:51Z,MATIC,4.88343922,3.98368670886675,Coinbase,,,
bd68cbef-eedd-5711-ad68-c02ba152122f,Converted from,2023-01-05T21:15:28Z,,,,,XLM,49.5014166,3.6175882758363
626112a1-b288-5344-bd6e-4c862db2b193,Converted to,2023-01-05T21:15:28Z,MATIC,4.44283007,3.6175882758363,Coinbase,,,
3b1c85a4-cff7-5126-b54c-07eab044932a,Converted from,2023-01-05T21:17:55Z,,,,,MATIC,0.37816715,0.29996218338
d737cef5-7e49-5845-9e76-6c0a54c62926,Converted to,2023-01-05T21:17:55Z,ALGO,1.589273,0.29996218338,Coinbase,,,
86d8a2dd-41e7-56cd-99ad-0395c1bf4139,Send,2023-01-05T21:23:10Z,,,,,MATIC,12.62604484,10.289885998020719794986394
f7b0f776-add8-56a5-9fbc-1f27101c107f,Card rebate reward,2023-01-06T14:20:47Z,XLM,13.4632515,0.9823999987035,Coinbase,,,
93722021-4eae-5c71-b900-9732e77d8d1e,Spend,2023-01-06T19:26:00Z,,,,,USDC,29.65,29.65
1c7edb57-19ea-5c47-9992-a31d38c4c584,Card rebate reward,2023-01-07T16:24:16Z,XLM,15.6843038,1.1860000004446,Coinbase,,,
01103b67-3b76-5b6f-947d-6cd40523fcf8,Rewards,2023-01-08T00:11:25Z,ETH2,0.00008553,0.1573752,Coinbase,,,
216e585d-e843-5b62-b78d-1cf49b9992ed,Card rebate reward,2023-01-08T02:24:58Z,XLM,28.6331232,2.1548000029776,Coinbase,,,
2c2069ea-f60f-5fa3-a80c-668a5834b6b2,Spend,2023-01-08T02:25:13Z,,,,,USDC,53.87,53.87
d9dadf20-793b-54f3-8c4d-a9064c027a11,Spend,2023-01-10T02:09:09Z,,,,,USDC,55,55
c1d9252c-4b26-55af-a4a9-55a1904426ea,Spend,2023-01-10T16:01:50Z,,,,,USDC,5,5
7b2f34bb-5c3c-5bd2-8e10-e63dc926f009,Card rebate reward,2023-01-10T16:01:50Z,XLM,30.4408211,2.39999999675565,Coinbase,,,
b49c8454-f0fa-5436-a341-459f7b1096d1,Rewards,2023-01-10T18:50:03Z,ETH2,0.00012377,0.2277368,Coinbase,,,
6c25a263-3d17-5c6d-9c0e-f7895a6fc895,Buy,2023-01-10T19:26:10Z,ETH,2.21824617,3000,Coinbase,,,
7bd8609c-72df-57d1-8d2f-145b6928166f,Buy,2023-01-10T19:27:18Z,ATOM,87.96568,1000,Coinbase,,,
57525837-9a26-5cb1-82d3-6f29d804537e,Buy,2023-01-10T19:27:50Z,XTZ,1188.469146,1000,Coinbase,,,
7e8d8614-353b-5f79-b4fd-c16b589ae3fc,Buy,2023-01-10T19:33:34Z,SOL,60.550458716,1000,Coinbase,,,
9557d3f4-906f-55c5-bb4b-dc85ea297fee,Convert,2023-01-10T19:36:53Z,,,,,ETH,2.21824617,2999.999999999999999931751599
4eaede21-eafa-5da1-ac6c-bf99ce751378,Convert,2023-01-10T19:36:56Z,ETH2,2.21824617,2999.999999999999999931751599,Coinbase,,,
73f71da6-3772-5bea-8249-1c9c16e8c5d0,Buy,2023-01-10T19:37:44Z,ADA,3059.332509,1000,Coinbase,,,
e95aec69-4429-5c8f-9651-a95eca3f38a9,Buy,2023-01-10T19:39:34Z,BTC,0.17035389,3000,Coinbase,,,
4b62ccc0-3d4f-5103-8624-1255b914775c,Converted from,2023-01-10T19:41:00Z,,,,,XLM,88.2214996,6.9858635565758
afae5e05-acc0-5023-a718-2c82465b968a,Converted to,2023-01-10T19:41:00Z,ALGO,33.503492,6.9858635565758,Coinbase,,,
22bee41b-9424-538c-981f-31463d304a54,Spend,2023-01-11T10:31:57Z,,,,,USDC,84.99,84.99
87eab828-373c-5bcc-82ca-9c0fa997a03a,Spend,2023-01-12T00:59:43Z,,,,,USDC,102.81,102.81
77cb7dbb-3460-5de6-b556-79e30fba9b76,Card rebate reward,2023-01-12T13:18:18Z,XLM,42.7010325,3.399600001455,Coinbase,,,
6f7d8fa2-22e4-540d-af77-abbc631bee4d,Spend,2023-01-12T20:11:21Z,,,,,USDC,15.91,15.91
8659f29b-2a95-5569-b376-347f26a5b027,Rewards,2023-01-12T20:35:11Z,ALGO,0.075667,0.0160262706,Coinbase,,,
0ca267de-9892-5af9-b2d6-c2aac1a04614,Buy,2023-01-13T00:15:26Z,USDC,1500,1500,Coinbase,,,
b7b7da37-fc5f-5e4f-8eb5-e6940ed6478a,Buy,2023-01-13T03:48:29Z,USDC,1341.38,1341.38,Coinbase,,,
18616b8d-6bc9-50ee-ba87-44fe34f96216,Card rebate reward,2023-01-13T13:19:49Z,XLM,50.2887791,4.08799999742855,Coinbase,,,
4fbdec1f-5958-5495-8b68-5168fb39dca5,Buy,2023-01-13T13:19:49Z,USDC,0.61,0,Not available,,,
b877ca4f-faa0-5d1c-aa6f-1aa03c975f31,Card rebate reward,2023-01-13T14:05:34Z,XLM,7.8374867,0.63640000129665,Coinbase,,,
33a1c763-86ec-501b-ba7a-efbb488bcf68,Rewards,2023-01-13T17:39:45Z,ETH2,0.00012821,0.2359064,Coinbase,,,
4e984acf-a2d8-5c71-af93-7b3e4bee463c,Spend,2023-01-14T01:06:19Z,,,,,USDC,78.79,78.79
a7c8001b-baaa-5fb6-b6fe-d2a68af74713,Card rebate reward,2023-01-14T11:25:37Z,XLM,36.3464422,3.151600003162,Coinbase,,,
7ac15313-bbf6-5a4a-a186-c8f72b69f199,Spend,2023-01-14T15:35:42Z,,,,,USDC,33.25,33.25
651d93d5-0e2d-5008-b08c-2f9823fc4cab,Card rebate reward,2023-01-15T06:49:26Z,XLM,15.2819988,1.3299999965634,Coinbase,,,
40f93c77-8f23-5f72-9a03-4ee40daf135e,Rewards,2023-01-15T07:49:33Z,SOL,0.011359124,0.25546669876,Coinbase,,,
50b57121-a6f1-5d4d-b79c-8e75c1308001,Card rebate reward,2023-01-16T03:17:53Z,XLM,19.1386914,1.7012000011632,Coinbase,,,
a76b1064-edf0-5bcf-a08a-5aaf9d93f457,Spend,2023-01-16T03:18:07Z,,,,,USDC,42.53,42.53
f4270588-7e23-5715-a745-a5d126b4f01e,Spend,2023-01-16T08:33:14Z,,,,,USDC,15,15
9673f28c-1e40-568e-8b2a-27548b7ff1b1,Spend,2023-01-16T08:34:12Z,,,,,USDC,50,50
8ffdf5ac-d34d-599a-a1e2-0aa35ad3691b,Spend,2023-01-16T22:16:12Z,,,,,USDC,125,125
8224cd7d-8e86-5efb-9edb-b31c17d9ff4b,Card rebate reward,2023-01-16T22:18:04Z,XLM,17.2135337,1.5156688558187,Coinbase,,,
03f051a3-ad10-5e11-ba13-652b4ab54293,Buy,2023-01-16T22:18:04Z,USDC,87.11,0,Not available,,,
c89a348c-57af-5118-8a5e-d1ba46373209,Rewards,2023-01-16T22:58:10Z,ETH2,0.00059538,1.0954992,Coinbase,,,
d1b6bab7-1479-5029-b096-858b70fdc6de,Card rebate reward,2023-01-17T07:41:57Z,XLM,6.9329297,0.60000000149195,Coinbase,,,
4971d6ac-6f04-53de-9cca-2c55c80ea469,Card rebate reward,2023-01-17T07:46:33Z,XLM,23.108564,1.999999997072,Coinbase,,,
f5ed581b-47f1-5529-b715-46642fa66c3a,Converted from,2023-01-18T06:42:36Z,,,,,XLM,218.8395253,19.25032826277715
fbd828ba-26d4-5a5f-b57c-9a5e757e4a7e,Converted to,2023-01-18T06:42:36Z,ALGO,81.201916,19.25032826277715,Coinbase,,,
61c9a518-41a1-5b05-aedf-2e808e424c4a,Rewards,2023-01-18T10:58:20Z,SOL,0.007711449,0.17211954168,Coinbase,,,
04955fdd-de1a-5ce2-b1e9-f98cf1e3ece7,Rewards,2023-01-19T22:30:54Z,ETH2,0.00094336,1.7357824,Coinbase,,,
d53cb984-7133-583b-bfcc-d85903c956ab,Spend,2023-01-20T03:10:19Z,,,,,USDC,156.04,156.04
0944f10b-5e30-5337-80fd-88d863ffbcd7,Reward,2023-01-20T03:24:01Z,KAVA,0.979624,0.9995593484,Coinbase,,,
21010bc4-f408-5c53-bd96-6416d4ebdbee,Reward,2023-01-20T03:24:46Z,KAVA,0.980296,1.0000979792,Coinbase,,,
63470b23-ef1d-5e40-8645-59801f070576,Reward,2023-01-20T03:25:24Z,KAVA,0.97972,1.000000204,Coinbase,,,
6e7b8689-cbf1-56dd-bbaf-e060a652e52e,Rewards,2023-01-20T14:00:05Z,SOL,0.002777542,0.05905054292,Coinbase,,,
faccb5a9-556b-5121-b046-07d7cebca413,Rewards,2023-01-20T17:50:22Z,ATOM,0.139842,1.77249735,Coinbase,,,
182e8966-6bfc-5d25-ba25-5da752d43573,Spend,2023-01-20T20:51:54Z,,,,,USDC,87.55,87.55
93a71d36-9fd9-5b1f-9bc1-72a2b9c06c63,Send,2023-01-20T21:47:02Z,,,,,USDC,352.834509,352.834509
b0338757-0400-5253-b260-8621e17af750,Spend,2023-01-20T22:06:31Z,,,,,USDC,53.41,53.41
5d3a57a6-f991-5986-a970-a9c9f3d39f6b,Card rebate reward,2023-01-21T01:46:38Z,XLM,16.2113035,1.4448000018305,Coinbase,,,
ad5eb8f6-bd3c-5b2b-b946-620df3113daa,Spend,2023-01-21T01:46:51Z,,,,,USDC,36.12,36.12
956ee7fa-2b51-584c-bfc9-d6771870c0a8,Card rebate reward,2023-01-22T06:10:52Z,XLM,44.27594,4.03479999829,Coinbase,,,
e4df06f1-4fc5-5e7a-82f6-135001bae090,Buy,2023-01-22T06:10:54Z,USDC,55.17,0,Not available,,,
415e830b-e092-5730-8347-c614ec25a0b3,Card rebate reward,2023-01-22T07:05:34Z,XLM,23.4610675,2.13628269281375,Coinbase,,,
46b976e0-f6e4-587d-bc04-602155e4d9df,Rewards,2023-01-22T23:48:19Z,ETH2,0.00090109,1.6580056,Coinbase,,,
378d551d-5620-5ab3-ae26-7bda60836581,Sell,2023-01-23T19:14:31Z,,,,,USDC,1000,1000
d0bef0b9-8338-539c-a0a8-2a81b1eb6f6a,Buy,2023-01-23T19:46:20Z,LTC,5.57174887,498.987999200816,Coinbase,,,
4300ec49-0f78-5d7f-9d98-16fde2f6b943,Buy,2023-01-23T19:46:29Z,AAVE,5.764,493.98310016,Coinbase,,,
1bc31e5c-40c1-5ad9-a098-df55803e879e,Card rebate reward,2023-01-24T06:43:18Z,XLM,36.8112347,3.5020000019498,Coinbase,,,
c9283cf2-2e1d-54b9-a4df-d59cf82bbbf2,Buy,2023-01-26T00:15:43Z,USDC,10,10,Coinbase,,,
3a02e9c7-d0a9-5af7-b960-20dd0f81dbf8,Rewards,2023-01-26T00:37:02Z,SOL,0.002787821,0.068761604965,Coinbase,,,
06c61915-4891-56ff-b3c2-2f0391420292,Spend,2023-01-26T09:46:18Z,,,,,USDC,111.05,111.05
442d3401-a819-512b-94ab-ce7a8ec1e80b,Spend,2023-01-26T19:56:22Z,,,,,USDC,20.7,20.7
aa400d8d-d2b6-5e7e-a2a3-31574e1f456c,Spend,2023-01-27T05:57:10Z,,,,,USDC,185.71,185.71
cf0bdaba-d474-504f-afbd-609dc1b6ead5,Buy,2023-01-27T06:05:34Z,USDC,2000,2000,Coinbase,,,
cb6f62af-1341-5c97-b3ad-793d87dc177d,Sell,2023-01-27T06:06:37Z,,,,,USDC,800,800
a37724e2-5031-50ff-af8b-c0557a9d28e2,Card rebate reward,2023-01-27T07:52:34Z,XLM,9.0500705,0.8280000001155,Coinbase,,,
dd07adc2-172d-5c4b-a38c-ac3bc619c570,Card rebate reward,2023-01-27T11:46:35Z,XLM,48.6043483,4.4419999954853,Coinbase,,,
a436c97e-8c0e-569a-b407-d1c7d96b30a7,Rewards,2023-01-27T16:57:13Z,SOL,0.002742264,0.06623938692,Coinbase,,,
864c87bb-8e7d-5a6c-aefc-d0b424283791,Spend,2023-01-27T22:18:40Z,,,,,USDC,17.4,17.4
2e7049b3-7934-5872-90b0-7d9d3e255a1b,Spend,2023-01-28T22:13:48Z,,,,,USDC,32,32
9b6ffe1b-ccc5-5603-a9fd-a5629d81e758,Rewards,2023-01-28T22:37:57Z,ADA,0.901592,0.3430106764,Coinbase,,,
d07e7be3-c503-5e65-ae95-fbac2b945c3c,Rewards,2023-01-29T00:12:44Z,ETH2,0.00090988,1.6741792,Coinbase,,,
5a70616e-35b8-5759-9330-f78c15261fbe,Spend,2023-01-29T02:03:03Z,,,,,USDC,15,15
46a1b51a-974b-56b3-b40c-8da7e13a2694,Card rebate reward,2023-01-29T06:15:42Z,XLM,87.5474138,8.12440000064,Coinbase,,,
9773d853-3359-53d9-a27e-5e7c7164cea0,Card rebate reward,2023-01-29T10:19:44Z,XLM,13.6825227,1.279999998585,Coinbase,,,
08d67fef-26a1-5962-a512-286ef5463c04,Card rebate reward,2023-01-29T10:34:10Z,XLM,6.4229513,0.5999999956895,Coinbase,,,
17cba3aa-6c74-5cb4-90cd-3b77daa1e5c7,Spend,2023-01-29T18:48:24Z,,,,,USDC,100,100
d7aaeaa3-aa44-5e41-8fd4-0df4a8043836,Spend,2023-01-29T22:10:44Z,,,,,USDC,125,125
c8187dc8-30df-5218-9946-af552e881bbd,Card rebate reward,2023-01-29T22:46:13Z,XLM,12.3164387,1.16119999885535,Coinbase,,,
81d8a646-a62d-5413-89c2-6909041691ca,Buy,2023-01-29T22:46:13Z,USDC,95.97,0,Not available,,,
ee6b28bb-eb6b-5f5a-9075-b93e88939555,Card rebate reward,2023-01-30T10:48:25Z,XLM,43.6481089,3.9999999958138,Coinbase,,,
1a63a881-7afd-56c9-bb5b-683aebea7233,Spend,2023-01-30T19:01:04Z,,,,,USDC,56.35,56.35
505668d6-ecd0-5f12-9c1b-89940e5cb6aa,Rewards,2023-01-30T21:59:17Z,SOL,0.001793469,0.042693529545,Coinbase,,,
854a0091-c747-55e7-a2e5-f82cc4792690,Spend,2023-01-31T02:03:32Z,,,,,USDC,55,55
55a63b0d-abcc-58af-b6fb-f82386293705,Spend,2023-01-31T02:09:29Z,,,,,USDC,16,16
cf383e84-4138-5683-b553-898b16faaaa7,Spend,2023-01-31T09:36:51Z,,,,,USDC,58.06,58.06
658a9cc4-31ff-5785-ad7a-631237cae705,Spend,2023-01-31T11:27:36Z,,,,,USDC,5,5
207e87bd-db6c-5817-b018-d002812b3e0c,Card rebate reward,2023-01-31T11:27:36Z,XLM,26.6865333,2.3999999992689,Coinbase,,,
797f1d1a-b373-59dc-aa24-708179e64f0e,Card rebate reward,2023-01-31T11:53:17Z,XLM,7.1090179,0.63999999997435,Coinbase,,,
85d96d7b-a638-5b93-be83-f8a854183525,Card rebate reward,2023-02-01T06:59:45Z,XLM,25.1686096,2.2540000013376,Coinbase,,,
17e87844-d90e-558e-af70-e99b9ebd6169,Rewards,2023-02-01T17:05:03Z,ETH2,0.00091714,1.6875376,Coinbase,,,
173b5750-c71a-5a9a-abe8-850f32cf9072,Spend,2023-02-01T19:37:41Z,,,,,USDC,9.42,9.42
b07fc414-92e8-508a-a1c8-2f9a5420fa52,Spend,2023-02-01T20:09:51Z,,,,,USDC,27.06,27.06
71f57137-e0e3-552d-a8cb-943582f02a2b,Rewards,2023-02-01T23:49:18Z,ADA,0.868101,0.3444624768,Coinbase,,,
a213dde5-92a2-50fe-aa00-8cce16ac1d88,Rewards,2023-02-02T06:39:32Z,ETH2,0.00090426,1.6638384,Coinbase,,,
40b62517-2359-573e-a871-6a862938eeba,Card rebate reward,2023-02-02T11:16:32Z,XLM,11.6275822,1.0823999994158,Coinbase,,,
dad37d56-eec6-59df-bdd3-e57efaa2047c,Card rebate reward,2023-02-02T11:27:22Z,XLM,4.039711,0.376800003814,Coinbase,,,
badf2c9e-2a11-55b5-a256-28da306801cf,Card rebate reward,2023-02-02T12:57:14Z,XLM,24.8167383,2.3224000035906,Coinbase,,,
7b6655dc-7c4c-5567-9b67-23f12f100043,Spend,2023-02-03T05:37:40Z,,,,,USDC,86.32,86.32
8e782a07-528b-5f29-a6b5-fa61f570f1ee,Spend,2023-02-03T08:26:13Z,,,,,USDC,279.11,279.11
c4c37855-58ef-535d-9e6d-efe0bd495040,Spend,2023-02-03T17:40:39Z,,,,,USDC,2.14,2.14
0b0e6d2a-e089-5cb3-94c3-cc1a539adf87,Rewards,2023-02-05T03:46:21Z,SOL,0.001120497,0.02718325722,Coinbase,,,
db891cbb-29e9-509e-885c-92f9d2f95799,Card rebate reward,2023-02-05T06:20:26Z,XLM,38.0860121,3.53839999715655,Coinbase,,,
535a2ed3-cc1a-541a-bcf6-44d952b1c7de,Rewards,2023-02-05T11:18:21Z,USDC,2.029431,2.029431,Coinbase,,,
0b7dbb20-f198-52af-bd11-d02a27ec527b,Rewards,2023-02-05T11:37:52Z,XTZ,0.40754,0.49088193,Coinbase,,,
d8776fbb-d13d-5722-8dc3-99fa1be357d7,Card rebate reward,2023-02-06T09:12:48Z,XLM,123.2661488,11.1643999960392,Coinbase,,,
3bcb2286-b4d2-5a69-8671-bc7528f1a23e,Rewards,2023-02-06T09:14:34Z,ATOM,0.14296,2.051476,Coinbase,,,
b8914a8f-359e-5831-9f4b-055925694686,Spend,2023-02-06T23:56:10Z,,,,,USDC,2,2
132806b4-a941-5b5e-97a1-c34b7658f104,Rewards,2023-02-07T02:02:12Z,ETH2,0.00083936,1.5444224,Coinbase,,,
22e4af37-ba28-5137-8231-2e8b415592bb,Rewards,2023-02-07T08:01:42Z,ETH2,0.00086091,1.5840744,Coinbase,,,
3a042780-c814-5a48-93fe-dcdf5a5802fb,Card rebate reward,2023-02-08T07:09:25Z,XLM,0.8708715,0.079999997733,Coinbase,,,
08ea9289-04f2-5e58-97b9-3ad54b5b1ba2,Rewards,2023-02-08T10:21:09Z,ADA,0.883577,0.35055917475,Coinbase,,,
e5b2834b-4e62-5ed9-9bda-ee5127cef5fe,Rewards,2023-02-08T14:03:35Z,XTZ,0.400841,0.491431066,Coinbase,,,
05d6637d-b4b8-5637-9b43-2a494d9e5f4e,Spend,2023-02-08T20:16:00Z,,,,,USDC,8.55,8.55
bb98c0ba-343d-52b1-afd9-f4f4751efdc6,Buy,2023-02-09T00:15:34Z,USDC,1500,1500,Coinbase,,,
86644eae-4b8d-5dbe-86a7-c2c5daa380cc,Sell,2023-02-09T06:09:14Z,,,,,USDC,500,500
e5d61561-8066-5125-929a-6f614eec1abf,Buy,2023-02-09T19:19:26Z,ETH,0.30862664,498.9879959743616,Coinbase,,,
96bf9c8a-f406-5ff9-af01-fd7a4075af97,Spend,2023-02-09T19:39:10Z,,,,,USDC,16.2,16.2
b8e0ca47-04c8-5e94-b5ca-51869c4767f1,Rewards,2023-02-09T21:02:21Z,ETH2,0.00092267,1.6977128,Coinbase,,,
8c11b0c5-c6a0-5ef3-82c8-e2e9f97548d7,Convert,2023-02-09T21:05:19Z,,,,,ETH,0.30862664,498.9879959743616
8e191e1b-9a0b-5065-aff7-c4f30059720d,Convert,2023-02-09T21:05:22Z,ETH2,0.30862664,498.9879959743616,Coinbase,,,
f08becf2-af7c-577a-bb31-49f8f83f8654,Spend,2023-02-10T06:21:50Z,,,,,USDC,170.67,170.67
e10e6646-c96d-5451-9fd8-cffd0332ee07,Card rebate reward,2023-02-10T06:42:59Z,XLM,7.4996962,0.6480000006167,Coinbase,,,
bfad4ca7-c52c-5f38-9df5-1f4e2f439739,Card rebate reward,2023-02-10T07:23:52Z,XLM,3.9444774,0.3419999962509,Coinbase,,,
9c10af13-0c26-550a-9545-b3acd27c254f,Rewards,2023-02-10T16:34:08Z,XTZ,0.419664,0.456804264,Coinbase,,,
f8e8ada0-4a01-5dd1-b8f0-032585eb0c02,Spend,2023-02-11T10:51:31Z,,,,,USDC,84.99,84.99
9e4cbaf3-4e0b-50dd-9c4d-13cc9a9f1859,Buy,2023-02-12T06:09:17Z,USDC,6.71,0,Not available,,,
628379ff-7d41-5c2f-9dca-857b028be1a4,Card rebate reward,2023-02-12T06:09:18Z,XLM,76.5680729,6.55840000021305,Coinbase,,,
c46fb160-cd16-5862-b991-52ec2ea997c3,Card rebate reward,2023-02-12T06:09:48Z,XLM,39.6848188,3.399600002502,Coinbase,,,
94d7a3ec-62ad-59eb-b99e-e69980fa6297,Rewards,2023-02-12T17:40:29Z,ADA,0.884288,0.3295299232,Coinbase,,,
52da9826-dda3-527e-9a5f-2196fc06f401,Spend,2023-02-12T23:52:34Z,,,,,USDC,272.66,272.66
be587896-84ba-5f2f-bc12-4f381fd6b6d6,Spend,2023-02-13T00:01:19Z,,,,,USDC,25,25
775d17cc-4216-5b14-a76b-06883795f98e,Rewards,2023-02-13T04:48:00Z,ETH2,0.00090504,1.6652736,Coinbase,,,
57c1beae-7ae4-57a6-b033-f44429093ea1,Rewards,2023-02-13T13:41:31Z,XTZ,0.403169,0.4162719925,Coinbase,,,
814c2971-769f-5230-a46e-90a6f9d500ee,Spend,2023-02-13T14:36:46Z,,,,,USDC,33.25,33.25
30a537ef-3818-594e-8d68-facd9a529755,Send,2023-02-13T21:37:19Z,,,,,USDC,501.926643,501.926643
b5225f9f-7fa9-5a61-b8ba-ce54ae8ee87f,Spend,2023-02-13T21:57:20Z,,,,,USDC,140.16,140.16
aca00f03-6bfe-54c4-b9c1-4aff381d7126,Spend,2023-02-13T22:35:48Z,,,,,USDC,286.14,286.14
0a89ea75-6a2c-594c-aead-36864bb73d04,Card rebate reward,2023-02-14T06:42:11Z,XLM,11.8733823,1.0000000040706,Coinbase,,,
f914db06-4817-5142-9d49-9df1373059aa,Card rebate reward,2023-02-14T06:51:51Z,XLM,129.532768,10.906400000064,Coinbase,,,
874f8f7c-85ba-5007-b532-5a1363d22719,Card rebate reward,2023-02-14T06:56:36Z,XLM,15.7969439,1.32999999624465,Coinbase,,,
cf82f502-9372-531e-af33-c4440f08058f,Card rebate reward,2023-02-14T07:59:29Z,XLM,66.5175685,5.60640000223825,Coinbase,,,
16ec67e1-55ad-5a6f-8b10-9ab9c66b5c0d,Rewards,2023-02-15T09:12:51Z,SOL,0.004322577,0.093475727625,Coinbase,,,
185e98f9-6193-58f1-9849-069eb4b05560,Rewards,2023-02-15T20:29:53Z,ETH2,0.00103839,1.9106376,Coinbase,,,
5f1fc33e-08dc-5ca6-a32a-bedf990ec367,Rewards,2023-02-16T16:14:00Z,ADA,0.840114,0.3413803239,Coinbase,,,
9c842435-9e90-577c-b1e9-6382a9e1b19b,Rewards,2023-02-17T06:29:50Z,SOL,0.004300861,0.097349988735,Coinbase,,,
cc9f1654-6c6c-5540-89b8-03eb9d311505,Card rebate reward,2023-02-17T09:38:11Z,XLM,130.2412381,11.445600004228,Coinbase,,,
3dc505ab-942b-52ea-80a1-80281e333fbd,Rewards,2023-02-18T00:38:32Z,ATOM,0.076738,1.091789895,Coinbase,,,
dc76bea9-d044-5d3f-b826-b6b6ef73d448,Rewards,2023-02-18T01:20:39Z,ATOM,0.090929,1.288191143,Coinbase,,,
b31352dc-e520-54e8-ba84-d322352ddc5b,Rewards,2023-02-18T01:30:49Z,ATOM,0.027372,0.388791888,Coinbase,,,
8897ad33-50ef-599b-a2e2-edbf0df8cda0,Rewards,2023-02-19T00:25:45Z,ETH2,0.00095252,1.7526368,Coinbase,,,
17191e17-4021-56db-a1fb-98e38b543083,Rewards,2023-02-20T06:20:55Z,SOL,0.004283759,0.113498194705,Coinbase,,,
5d77e5b6-32dd-5d24-8b35-3b1b8caa92c7,Sell,2023-02-21T05:53:32Z,,,,,USDC,300,300
e66f7692-d699-5ba8-a43f-a7167c061256,Buy,2023-02-21T06:04:02Z,ACH,4170,179.04755688,Coinbase,,,
8acd67ef-2f90-59db-8060-0cacfb1b38b8,Buy,2023-02-21T06:04:02Z,ACH,417.8,17.9391053392,Coinbase,,,
285b694a-047c-5f19-b79d-913931e9491b,Buy,2023-02-21T06:04:02Z,ACH,2385,102.40489764,Coinbase,,,
4d9b6f6c-13b1-56c8-b259-1ca210bf9008,Rewards,2023-02-21T07:33:33Z,ADA,0.892432,0.3605871496,Coinbase,,,
1628c0ea-7106-5e1e-a1c3-179688a7ff58,Rewards,2023-02-21T20:22:36Z,ETH2,0.0010449,1.922616,Coinbase,,,
4aa9f988-1d7d-5360-9219-c81c3860006a,Buy,2023-02-23T00:16:12Z,USDC,1500,1500,Coinbase,,,
8a47ddc6-5c71-5a1c-bc82-6e658e55d0e7,Sell,2023-02-23T06:03:29Z,,,,,USDC,300,300
d8943551-bfcd-5fd4-8134-87f3f5b4b866,Buy,2023-02-23T11:23:23Z,ALGO,1087.5,299.38527,Coinbase,,,
6bd43b59-42ab-5c72-9372-e2f0142219d0,Rewards,2023-02-23T14:52:25Z,XTZ,0.406959,0.566079969,Coinbase,,,
5fb6408f-2e7a-58c2-afbe-95144fe80289,Sell,2023-02-24T04:36:03Z,,,,,USDC,300,300
1b19df1c-7e64-5345-8f9f-1572897637a7,Send,2023-02-24T04:58:12Z,,,,,USDC,500.134515,500.134515
8de67abb-9643-5c04-a169-944b723c8262,Buy,2023-02-24T10:23:11Z,ALGO,266.2,70.77171904,Coinbase,,,
fb14c4d2-94e7-5fd7-a6eb-754569fc778e,Buy,2023-02-24T10:23:12Z,ALGO,878.7,233.61047904,Coinbase,,,
feb02850-5056-5a1d-8a14-586e8abf4a5c,Rewards,2023-02-24T18:16:58Z,XTZ,0.40714,0.50180005,Coinbase,,,
aefdd119-c517-50cc-81b0-68030bbb74b0,Rewards,2023-02-25T00:50:17Z,ETH2,0.0011682,2.149488,Coinbase,,,
4b280a96-1ac2-56af-8739-df0cdcc0bcc4,Rewards,2023-02-25T06:17:57Z,SOL,0.010851686,0.24953451957,Coinbase,,,
0dbe2038-2ebe-5fa0-9ab6-9ceedba507e8,Rewards,2023-02-27T11:21:10Z,XTZ,0.403078,0.48167821,Coinbase,,,
8b9e2366-3a9d-5f22-b24e-24fea67640a3,Rewards,2023-02-27T13:32:17Z,ADA,0.890061,0.3252282894,Coinbase,,,
c53ca47a-e4e0-5f63-af5c-304ad598bf6d,Rewards,2023-02-27T20:54:55Z,ETH2,0.00102341,1.8830744,Coinbase,,,
8957f5b5-3010-572f-ab6d-1d4f9e8993a7,Rewards,2023-02-28T16:41:42Z,ATOM,0.114966,1.436557653,Coinbase,,,
77311901-68d1-562e-8f94-e9af948ab734,Rewards,2023-02-28T23:47:53Z,ATOM,0.118719,1.4573350845,Coinbase,,,
61586a6c-35bc-5ab4-97be-5f8517b208d3,Sell,2023-03-01T06:17:59Z,,,,,ACH,6972.8,252.2946468864
d7115edf-0863-5e38-8a91-6e810a35fac3,Buy,2023-03-01T06:20:21Z,ALGO,35.9,9.07938284,Coinbase,,,
a5ba7e4e-5d3d-5bbe-bb65-fd8d4eaefca3,Buy,2023-03-01T06:20:34Z,ALGO,0.5,0.1264538,Coinbase,,,
4034d357-0273-51cc-a4ca-5c22626623d4,Buy,2023-03-01T06:21:06Z,ALGO,978.4,247.44479584,Coinbase,,,
6132808b-7d2d-568f-83c1-295b92969445,Sell,2023-03-01T06:25:07Z,,,,,USDC,466,466
1431ecd0-e27d-5ea5-b0d0-ec3137b61232,Buy,2023-03-01T06:25:25Z,BTC,0.008771,208.80739810448,Coinbase,,,
231de7fc-6df1-53ed-bb6e-a2c13fdc4a4b,Buy,2023-03-01T06:25:25Z,BTC,0.01078561,256.7683458065968,Coinbase,,,
1f81de1b-13c7-56d4-a56f-beb025eedb95,Sell,2023-03-01T06:27:19Z,,,,,AAVE,5.764,467.42766048
4ff461b3-5df0-5381-8463-f2ffcd0e93f4,Rewards,2023-03-01T14:32:09Z,SOL,0.010732846,0.24320629036,Coinbase,,,
e6f3022e-a5da-541b-a4d7-d26dce8e6064,Sell,2023-03-01T20:19:07Z,,,,,USDC,469.251205,469.2500000000000085306115
da9980bf-7715-5deb-9203-ae6dcb58d47b,Rewards,2023-03-02T13:49:27Z,XTZ,0.399524,0.458254028,Coinbase,,,
c853d1e2-7b42-58c5-acec-0f5bc71008a6,Rewards,2023-03-02T17:45:35Z,ETH2,0.0009386,1.727024,Coinbase,,,
a561fedb-88f4-56c6-8e5a-4cc858a7e078,Rewards,2023-03-02T23:09:57Z,USDC,1.018318,1.018318,Coinbase,,,
a728dbc6-2823-533f-925e-a23002f26413,Sell,2023-03-03T05:21:21Z,,,,,ALGO,199.6,45.70448784
d2271389-5ceb-5438-a92d-feac0e17087a,Sell,2023-03-03T05:21:23Z,,,,,ALGO,100,22.89804
7eac64cd-984d-5007-beae-12dc3ba92407,Sell,2023-03-03T05:21:24Z,,,,,ALGO,3329.3,762.34444572
7433ac42-527e-535c-bf52-8441d3b5aa87,Sell,2023-03-03T05:24:28Z,,,,,USDC,1.018318,1.0099999999999999841892
47fe3b00-2b67-5fd8-bd43-20d188be842d,Rewards,2023-03-03T06:59:25Z,SOL,0.010741068,0.22588466004,Coinbase,,,
c819875d-4e73-5784-ace2-b425a3b69e21,Rewards,2023-03-03T23:00:31Z,USDC,1.403669,1.403669,Coinbase,,,
392ebb42-4ca3-539d-8ebf-6201412b19cb,Rewards,2023-03-05T01:42:27Z,XTZ,0.400682,0.454573729,Coinbase,,,
10969f0c-b1ae-5f4a-80f7-f1a2fe93e326,Rewards,2023-03-05T19:49:52Z,ETH2,0.00097059,1.7858856,Coinbase,,,
f4a346c0-a68c-5db0-9f12-f8704670bbbb,Rewards,2023-03-08T11:27:21Z,XTZ,0.405969,0.435198768,Coinbase,,,
5acc5280-5fe6-5e93-a2ab-e97a73462034,Rewards,2023-03-08T22:44:08Z,ETH2,0.000988,1.81792,Coinbase,,,
9f440701-5075-5604-963a-d6142499b7cb,Rewards,2023-03-09T16:18:17Z,ADA,0.871359,0.2784863364,Coinbase,,,
04d76c85-2253-5c87-9b39-89fb844ae240,Rewards,2023-03-11T08:33:23Z,ATOM,0.006506,0.070446968,Coinbase,,,
d4aa5be7-c9d8-5ac8-aa7a-fbd3cb6ae7dc,Rewards,2023-03-11T15:33:33Z,XTZ,0.39167,0.384424105,Coinbase,,,
6cf9c096-1265-5996-8c56-16eb1df16516,Rewards,2023-03-12T00:40:02Z,ETH2,0.00092624,1.7042816,Coinbase,,,
eb55f1ef-953f-5978-83a7-8dbcd1d900f5,Rewards,2023-03-14T23:10:14Z,ETH2,0.00096684,1.7789856,Coinbase,,,
b94a1f29-9b44-5a9b-b8c7-8beffe56b98d,Rewards,2023-03-16T14:29:52Z,XTZ,0.399303,0.474771267,Coinbase,,,
21edce0d-8abe-5440-84ab-226dd0f585d9,Rewards,2023-03-17T00:47:37Z,SOL,0.010759041,0.210177865935,Coinbase,,,
ef5c765f-1160-5e8c-8523-86c7ba419880,Rewards,2023-03-17T16:59:47Z,SOL,0.007569089,0.15160885267,Coinbase,,,
2ac19000-69f7-5c6b-b0cc-53b0d4f208c2,Rewards,2023-03-17T23:02:55Z,ETH2,0.00202857,3.7325688,Coinbase,,,
8f5260ad-31aa-527f-a3d9-197a23545414,Rewards,2023-03-18T17:29:17Z,ADA,0.812339,0.2771700668,Coinbase,,,
f5879499-73cc-5732-ba7b-324c99c67700,Rewards,2023-03-19T09:05:44Z,SOL,0.007500346,0.16178246322,Coinbase,,,
b380bdb0-59a4-5e4e-9d96-f309f8809c8d,Rewards,2023-03-19T12:36:43Z,XTZ,0.396527,0.484159467,Coinbase,,,
c0197d28-e7e3-528a-bd6d-1a6f1b83fdb8,Rewards,2023-03-22T02:14:45Z,ETH2,0.00104225,1.91774,Coinbase,,,
64866242-594f-5122-84fd-f0e636cfe75a,Rewards,2023-03-22T12:04:52Z,XTZ,0.404691,0.4720720515,Coinbase,,,
859b5d85-c43d-53fb-8ee0-bb6fc710c767,Stake,2023-03-24T19:37:11Z,ATOM,88.683712,1009.557085981500002962904,Coinbase,,,
136618da-5fd9-5753-b1cc-12606c266f6e,Stake,2023-03-24T19:38:15Z,XTZ,1194.115903,1006.5684008969999712267164,Coinbase,,,
6ef1895b-6557-5c7c-81b0-f0cf239b9bbd,Stake,2023-03-25T02:20:23Z,ADA,3067.176372,1002.9504144172500155369882,Coinbase,,,
55661724-dd27-5794-a1fd-93039bd952eb,Stake,2023-03-25T02:20:25Z,SOL,60.651812155,1002.2380331248699974923102956,Coinbase,,,
aefe3dbd-e956-593a-baf2-6b16d121dd8f,Rewards,2023-03-30T23:56:20Z,ETH2,0.001016605,1.8705532,Coinbase,,,
f5b49278-3b16-51cb-ac91-b73fcac0657d,Rewards,2023-03-31T02:06:16Z,ETH2,0.000845732,1.55614688,Coinbase,,,
ee09f6e9-b2d3-501b-913a-2e99d1d08ac6,Rewards,2023-03-31T03:22:05Z,ETH2,0.000971498,1.78755632,Coinbase,,,
3b902026-d4fb-54ab-ba53-7c7c0799ad9f,Rewards,2023-04-01T03:32:43Z,SOL,0.007482495,0.15750651975,Coinbase,,,
77a1a636-4b22-59a2-8c0a-95bdcad1dc44,Rewards,2023-04-01T04:09:07Z,ADA,0.72257,0.2878357595,Coinbase,,,
073863f9-dee9-5c11-9bd6-222bede4910b,Rewards,2023-04-01T19:10:48Z,SOL,0.009575522,0.20075081873,Coinbase,,,
599eab22-b134-570d-a880-53ed4c1ead77,Rewards,2023-04-02T01:25:15Z,ETH2,0.000911859,1.67782056,Coinbase,,,
a051c5ac-56f9-55e6-b07a-55ac068540b7,Rewards,2023-04-02T09:06:49Z,SOL,0.007483097,0.157556607335,Coinbase,,,
f339fef1-0881-51e3-aeb3-61d6a2424455,Rewards,2023-04-02T15:36:13Z,ADA,0.740087,0.28156609915,Coinbase,,,
1be38956-11d5-5cef-ab7a-2b564cedab64,Rewards,2023-04-03T01:56:56Z,SOL,0.00733306,0.1474311713,Coinbase,,,
87bc7f36-231f-5424-9180-6b177ec373c3,Buy,2023-04-03T17:48:46Z,USDC,500,500,Coinbase,,,
e6b8482f-e857-5ea6-9e0d-ee601838d349,Rewards,2023-04-04T02:30:16Z,ADA,0.755455,0.29307876725,Coinbase,,,
5bf511dd-23cd-5519-b7db-54c00aa06f87,Rewards,2023-04-04T06:27:18Z,USDC,0.022906,0.022906,Coinbase,,,
7dda9fe9-d918-5e6a-a9c2-eb9bac3feffb,Rewards,2023-04-04T19:58:22Z,ATOM,0.021513,0.244667349,Coinbase,,,
f471088b-241e-5774-b1d9-ddd148f0ab66,Rewards,2023-04-04T23:18:55Z,SOL,0.018605367,0.38941033131,Coinbase,,,
6d235927-d120-54b1-857c-2fc094291900,Rewards,2023-04-05T04:46:29Z,ATOM,0.025749,0.2950191675,Coinbase,,,
a7483e0d-a5d6-5d72-bcc5-c895bb52beb0,Rewards,2023-04-05T05:58:54Z,ATOM,0.104147,1.194774384,Coinbase,,,
d88507b0-1772-5d6a-8ccc-ca9bdd61495e,Rewards,2023-04-05T21:23:55Z,ETH2,0.000948934,1.74603856,Coinbase,,,
b3ff6625-c575-59f4-bfa1-4793d94d79fc,Rewards,2023-04-06T01:45:08Z,SOL,0.01835508,0.3803172576,Coinbase,,,
fe1d33c6-3d68-5927-888e-3b65bba2764a,Rewards,2023-04-06T17:34:58Z,USDC,0.022906,0.022906,Coinbase,,,
f04b24a9-5c01-53ca-816a-2f2bf83164c9,Spend,2023-04-08T21:34:54Z,,,,,USDC,58.92,58.92
b679c303-6c2a-5742-90b9-d77cf68b4088,Send,2023-04-10T18:29:09Z,,,,,USDC,442.529481,442.529481
ced1cb48-c139-5fcd-8870-a8a45c372708,Rewards,2023-04-10T23:27:30Z,ATOM,0.012927,0.1448405715,Coinbase,,,
3989722c-9a56-51f5-b9ce-ae2b57d911fb,Rewards,2023-04-11T01:45:36Z,ATOM,0.010247,0.114909858,Coinbase,,,
d01974a8-5df8-57c9-bfb4-7dc3386996a4,Rewards,2023-04-11T02:22:28Z,ATOM,0.012222,0.13761972,Coinbase,,,
054e4202-b888-52fc-ab89-d1c4b7910e85,Rewards,2023-04-11T02:51:15Z,ATOM,0.000644,0.007233408,Coinbase,,,
de9a3f13-2b5f-5bf2-8cb8-47dd3dd3f920,Rewards,2023-04-11T04:42:48Z,ATOM,0.135511,1.519620354,Coinbase,,,
6c54fabe-d6e4-5ee5-ab51-a988bff48e58,Rewards,2023-04-11T08:35:16Z,ATOM,0.009944,0.112819652,Coinbase,,,
be537d24-6a89-5717-a7a5-f8178587c483,Rewards,2023-04-11T08:51:56Z,ATOM,0.000372,0.004217178,Coinbase,,,
e0c9d42c-814e-5e3d-b2d6-dfe2f2ef01fc,Rewards,2023-04-11T14:53:35Z,ATOM,0.049408,0.559150336,Coinbase,,,
1d86ee36-29d5-548d-a033-12210f76ff9d,Rewards,2023-04-11T15:10:34Z,ATOM,0.114055,1.2902471875,Coinbase,,,
e4325446-3f8d-5ed7-b52d-e1e0f775ca2d,Rewards,2023-04-11T15:57:12Z,ATOM,0.014758,0.167451647,Coinbase,,,
c32424a1-d4c0-5bda-a91f-83fd544880b5,Rewards,2023-04-11T16:02:37Z,ATOM,0.000559,0.0063454885,Coinbase,,,
48893a11-41d1-53a1-a646-b815c7513414,Rewards,2023-04-11T16:09:35Z,ATOM,0.006898,0.078364729,Coinbase,,,
5d16c64b-1f22-5020-90b1-3917281f8f13,Rewards,2023-04-11T16:26:32Z,ATOM,0.000821,0.009299467,Coinbase,,,
476557c1-7274-54a1-8eac-4a18cf8687da,Rewards,2023-04-11T16:52:59Z,ATOM,0.005353,0.0605718715,Coinbase,,,
077beb3b-eaf5-59d6-a545-aa2b366f4d67,Rewards,2023-04-11T18:27:01Z,ETH2,0.000867111,1.59548424,Coinbase,,,
7e9e7325-b34b-5a81-913d-fd113d2344d6,Rewards,2023-04-11T18:34:35Z,ETH2,0.000867715,1.5965956,Coinbase,,,
5da5dd5f-0202-509f-b651-d4315515532d,Airdrop,2023-04-11T23:59:59Z,FLR,118.29,4.316311923608889,Coinbase,,,
a67fdabe-064e-5e11-b489-1598a7ed2bee,Rewards,2023-04-12T23:51:23Z,ADA,0.933271,0.3781614092,Coinbase,,,
f1cf19d9-0dad-5924-8ad8-b5f0573cfa5f,Rewards,2023-04-13T01:33:24Z,SOL,0.010828581,0.25750365618,Coinbase,,,
f2f0b206-50e4-51c9-9e17-5df8af9d73a6,Rewards,2023-04-13T01:39:52Z,SOL,0.006995763,0.167373629775,Coinbase,,,
757c6af9-dce9-5000-b9cd-2ae851342f01,Rewards,2023-04-13T20:39:38Z,ETH2,0.000748812,1.37781408,Coinbase,,,
c0ba44ae-1d4e-51ec-a9cb-72f97ab8bcc9,Card rebate reward,2023-04-14T00:17:48Z,XLM,5.5854959,0.58919999875125,Coinbase,,,
387ebeee-3f4a-5cff-9a3f-07dd6451da40,Buy,2023-04-14T06:24:30Z,USDC,300,300,Coinbase,,,
d0694415-1e8e-5135-a540-df2929d61331,Buy,2023-04-14T06:33:27Z,USDC,2000,2000,Coinbase,,,
6d4bca85-9ce2-5605-977f-c1dabe9624de,Rewards,2023-04-14T09:51:12Z,ALGO,4.086181,0.9320578861,Coinbase,,,
62bf3bea-08ee-515a-afb6-c06a10cf84d2,Sell,2023-04-14T19:21:46Z,,,,,USDC,2000,2000
50ab1c7f-9c72-5838-b7ef-0f24f711ecf7,Buy,2023-04-15T01:23:45Z,ETC,5.66953787,125.6841297542784,Coinbase,,,
fb261129-6f65-5ee6-8aff-5d71a84549a8,Buy,2023-04-15T01:23:45Z,ETC,1.8072,40.062587904,Coinbase,,,
fe41e11e-c7c1-58c0-a94a-47e4af8f1148,Buy,2023-04-15T01:23:45Z,ETC,0.0886,1.964113152,Coinbase,,,
9f51108d-4f50-58ef-ba3e-5dc658fcb1a6,Buy,2023-04-15T01:23:45Z,ETC,0.2461,5.455623552,Coinbase,,,
721f4ced-bfcf-58ed-bb40-9ef7e1e04933,Buy,2023-04-15T01:23:45Z,ETC,0.845,18.7322304,Coinbase,,,
169ef947-d75d-5486-b603-644718d6e827,Buy,2023-04-15T01:23:45Z,ETC,0.5617,12.451945344,Coinbase,,,
2ba94970-320a-5010-a80c-c481dc863e3a,Buy,2023-04-15T01:23:45Z,ETC,0.7107,15.755025024,Coinbase,,,
6a3e7131-e067-5395-9c96-f36b172af002,Buy,2023-04-15T01:23:45Z,ETC,0.7655,16.96984896,Coinbase,,,
978758e0-f45b-5bc8-af8e-b7bbfb2a607f,Buy,2023-04-15T01:23:46Z,ETC,11.81472,261.9124936704,Coinbase,,,
5428c0d4-ef3a-5c29-8187-2c1fd3babeae,Buy,2023-04-15T01:23:48Z,ETC,0.0000001,0.000002216832,Coinbase,,,
092c7b88-f0c9-57ba-a6e1-7e71adacdf31,Rewards,2023-04-17T02:40:35Z,ADA,0.874784,0.3920781888,Coinbase,,,
8ea7589b-5e4c-52fe-9993-9caf5bed95d9,Rewards,2023-04-17T16:52:38Z,XTZ,0.370326,0.422356803,Coinbase,,,
0285dea1-9ecb-5470-b1a7-da0cbd63bfa0,Rewards,2023-04-17T17:39:33Z,ETH2,0.000843458,1.55196272,Coinbase,,,
3799fe70-c97c-509a-adc2-cf232227f9e2,Rewards,2023-04-17T22:11:13Z,ATOM,0.041042,0.508859237,Coinbase,,,
5c686546-aac0-5bb2-a573-3051e6504f1f,Rewards,2023-04-18T02:03:47Z,ATOM,0.149107,1.835954491,Coinbase,,,
d4de1e31-30fe-521e-9ebc-0714af1f89eb,Rewards,2023-04-18T03:29:40Z,ATOM,0.031626,0.397396503,Coinbase,,,
4a2b7f35-31df-5078-bb8f-042f81fc8aa0,Rewards,2023-04-18T03:45:01Z,ATOM,0.025844,0.323515192,Coinbase,,,
4407e0da-f3d5-56cf-a009-470ed97e9f09,Sell,2023-04-18T04:59:33Z,,,,,KAVA,2.93,2.669934372
c4e4883e-d8f1-57ca-9484-1ed17c29c2b3,Buy,2023-04-19T08:10:41Z,BCH,0.25768928,33.607732821888,Coinbase,,,
861c9dc3-df31-5551-98c6-1b26a844ece0,Buy,2023-04-19T08:10:41Z,BCH,0.1077,14.04619092,Coinbase,,,
8e8ce0fb-c1f7-521c-891e-3ce04c65a6b4,Buy,2023-04-19T08:10:41Z,BCH,0.0088,1.14769248,Coinbase,,,
1bcd87f4-82f8-5bcb-98cb-47aa653dfa11,Buy,2023-04-19T08:10:41Z,BCH,0.3218,41.96902728,Coinbase,,,
bd0f5b23-5852-58f4-bed9-86591c496eb7,Buy,2023-04-19T08:10:41Z,BCH,0.0505,6.5861898,Coinbase,,,
046e9a1f-7109-5ed5-83a4-7a73518d0cde,Buy,2023-04-19T08:10:41Z,BCH,1.0829,141.23138484,Coinbase,,,
b65844e4-2c77-50f2-a156-1341ea0d0c7c,Buy,2023-04-19T08:10:41Z,BCH,1.9966,260.39577336,Coinbase,,,
aaf8502e-36e5-5e6f-b85f-973e9dbf4def,Buy,2023-04-19T08:10:42Z,BCH,0.00003073,0.004007794308,Coinbase,,,
c73ce237-e7db-519e-8fed-d3609f3bf6d0,Buy,2023-04-20T12:17:52Z,BTC,0.00431078,123.34865892,Coinbase,,,
408b89f4-092b-5213-a137-eb55365581df,Buy,2023-04-20T12:17:52Z,BTC,0.01312781,375.63915534,Coinbase,,,
ab12ebda-367a-5611-bbab-df332ce90cf3,Sell,2023-04-21T03:52:11Z,,,,,BCH,0.57617312,70.9990018527744
b8956cc3-7539-5489-af95-04d327fa9f56,Sell,2023-04-21T03:52:18Z,,,,,BCH,0.00110224,0.1358236562688
7521464a-045a-5fe2-aa1c-68ca8cb30542,Sell,2023-04-21T03:53:03Z,,,,,BCH,0.00251775,0.31025004588
49dce47e-3882-5975-9f00-482eeefa6073,Sell,2023-04-21T03:54:38Z,,,,,BCH,3.24622,400.0158490464
028a97d5-237e-5b4b-bfa1-f9ee47eb7bae,Sell,2023-04-21T03:54:38Z,,,,,BCH,0.0000069,0.000850253328
8adebe7b-4622-58e7-bdec-52b8cada254a,Sell,2023-04-21T03:56:49Z,,,,,ETC,22.509,452.41469352
69f1c46b-160a-591a-8c9a-e582e420393f,Sell,2023-04-21T03:57:06Z,,,,,ETC,0.00005797,0.0011651552616
d18cd8b9-cbed-5a98-a9c9-e0d9315df1fa,Buy,2023-04-21T04:01:14Z,LTC,2.61918325,236.9323644683,Coinbase,,,
821732a6-28b3-5c14-b4ad-a7620a8e1edd,Buy,2023-04-21T04:01:50Z,LTC,8.4130032,761.04363467328,Coinbase,,,
8f889cf6-1931-5386-8635-94c01f6231fb,Buy,2023-04-21T05:22:32Z,USDC,731.61,731.61,Coinbase,,,
e8e03cb6-e9b2-50a4-a8b0-43c3756efc2e,Rewards,2023-04-21T05:24:06Z,ETH2,0.000930629,1.71235736,Coinbase,,,
f1f39821-83a3-5a7f-898a-83e6403674ca,Sell,2023-04-21T05:26:19Z,,,,,USDC,400,400
5a6e9c11-9c83-5d89-b454-1fc2fdf3b531,Sell,2023-04-21T05:27:18Z,,,,,USDC,400,400
06d1c115-48fe-5687-b815-8c3956095513,Buy,2023-04-21T06:41:27Z,BTC,0.01246953,349.291486548,Coinbase,,,
8b028a03-59a5-5050-be10-0287e65afade,Sell,2023-04-21T19:33:07Z,,,,,LTC,10,849.6712
80161343-0c71-5183-936e-728e7abff04d,Sell,2023-04-21T19:33:07Z,,,,,LTC,6.60393532,561.1173648066784
411d6d5d-d1e3-531d-a238-b2fbcc5375f3,Buy,2023-04-21T19:36:20Z,ETH,0.52532202,975.5116021586064,Coinbase,,,
9f4987d3-eca2-5ee9-828a-418d769db826,Buy,2023-04-21T19:36:20Z,ETH,0.16706,310.2267981392,Coinbase,,,
31ad28c2-59c2-503d-9b97-8caa3d65229a,Buy,2023-04-21T19:36:20Z,ETH,0.060005,111.4279840916,Coinbase,,,
0d35a78a-c723-550b-8480-bba883fc0600,Convert,2023-04-22T01:21:21Z,,,,,ETH,0.75238702,1397.1663843894064
fd87b1d8-343f-5d7a-b27c-c7470561b8ce,Convert,2023-04-22T01:21:24Z,ETH2,0.75238702,1397.1663843894064,Coinbase,,,
b381e7c2-224c-581f-8bd1-418bb89db2a0,Rewards,2023-04-22T02:46:42Z,ADA,0.856756,0.3288229528,Coinbase,,,
90e4638c-0421-5d70-bdab-a093046ecd0b,Rewards,2023-04-22T17:14:26Z,ETH2,0.000882795,1.6243428,Coinbase,,,
75fa94e7-875f-55d6-acac-7b4e13484345,Rewards,2023-04-25T18:12:41Z,ETH2,0.00125477,2.3117255095,Coinbase,,,
658cef95-d5a6-5b8e-880b-cf833bd685ee,Rewards,2023-04-27T03:05:01Z,ADA,0.849085,0.344388876,Coinbase,,,
177dc069-973e-5a70-8e49-00d67d75f0e7,Rewards,2023-04-27T04:42:29Z,XTZ,0.40332,0.41299968,Coinbase,,,
28063729-853c-5478-a30f-2b4d26c86324,Rewards,2023-04-27T05:15:13Z,ATOM,0.020955,0.2370324825,Coinbase,,,
f5c22e36-8102-566d-9118-4d931f6fcdf2,Rewards,2023-04-27T07:32:04Z,ATOM,0.037276,0.418367186,Coinbase,,,
e488d504-f2e3-50af-b2c7-f905f17b6402,Rewards,2023-04-27T07:55:04Z,ATOM,0.181633,2.0403743055,Coinbase,,,
fc913e71-ce11-53cb-8ade-47c006461b03,Rewards,2023-04-27T09:58:59Z,XTZ,0.401183,0.405997196,Coinbase,,,
c09b0b69-16ba-536a-a150-8720563f7089,Rewards,2023-04-27T11:51:11Z,ATOM,0.029271,0.333133251,Coinbase,,,
cd341935-eb28-5764-a6b6-3e65ab0cf9c5,Rewards,2023-04-27T13:21:17Z,ATOM,0.090656,1.040322928,Coinbase,,,
647572d6-e916-5e26-99f7-dce1a2c0c6e8,Rewards,2023-04-27T13:35:24Z,ATOM,0.022617,0.2593152135,Coinbase,,,
663d54ac-a3a8-5607-8ded-c8f0138a8cce,Rewards,2023-04-28T19:56:39Z,ADA,0.798972,0.3241429404,Coinbase,,,
b9ff95fa-3f53-5f12-8b37-054f7a7f1bb5,Rewards,2023-04-29T17:35:45Z,SOL,0.00756144,0.175047336,Coinbase,,,
3ca38799-505c-50b2-94c8-ca76ef5eb1ac,Rewards,2023-04-29T18:55:18Z,ADA,0.817324,0.3292998396,Coinbase,,,
568531d4-8c6f-5347-8f1f-820ff6554785,Rewards,2023-05-01T21:16:07Z,XTZ,0.211849,0.2066586995,Coinbase,,,
3f23ccd7-395e-581d-87ef-724239e0e7c5,Rewards,2023-05-02T01:56:09Z,XTZ,0.430869,0.42225162,Coinbase,,,
9575747e-cdfb-5aa4-9a4f-708daa0f1dd5,Rewards,2023-05-02T01:57:41Z,XTZ,0.852153,0.8355360165,Coinbase,,,
5e9aafcf-82e9-5abd-80f7-c2d3bbf5a28e,Rewards,2023-05-02T02:35:05Z,XTZ,0.428844,0.42241134,Coinbase,,,
15e291d5-0aa4-5c34-a70f-f45a921d4b7f,Rewards,2023-05-02T03:33:52Z,ADA,0.860735,0.331899416,Coinbase,,,
a88f5da0-7166-5523-9393-ee22e0b81b56,Buy,2023-05-02T03:37:19Z,MATH,3304.8,373.27716,Coinbase,,,
d247c660-b23f-5afc-a290-28e9900514a2,Buy,2023-05-02T03:40:55Z,MATH,108,12.1986,Coinbase,,,
46a6e04e-e56b-53d4-8093-cc3060959138,Buy,2023-05-02T03:40:55Z,MATH,305,34.44975,Coinbase,,,
80e04f7a-0a15-55f9-adaf-315c86984453,Buy,2023-05-02T03:40:56Z,MATH,90,10.1655,Coinbase,,,
d7678966-f5b0-5a0b-bca4-38c51d2542e5,Buy,2023-05-02T03:40:57Z,MATH,58,6.5511,Coinbase,,,
dcc77193-ed6e-5f34-8a8e-ce385926f75a,Buy,2023-05-02T03:40:58Z,MATH,38,4.2921,Coinbase,,,
d10d72aa-7f7d-5e33-b31e-22402aa9ef2a,Buy,2023-05-02T03:40:58Z,MATH,72.2,8.15499,Coinbase,,,
a056175b-28c2-5e1e-936a-e3e3e9204dc9,Rewards,2023-05-02T23:10:57Z,SOL,0.007560236,0.16900907578,Coinbase,,,
32702f7d-6996-5283-8223-8b9865efb5d3,Rewards,2023-05-03T03:48:50Z,ETH2,0.001196961,2.23039318818,Coinbase,,,
9ebed46f-3423-5295-bfd8-0d1c4dfd703e,Rewards,2023-05-03T04:43:38Z,ETH2,0.000895704,1.66763514276,Coinbase,,,
47b1c1d8-b300-5a09-bbe8-113d96c60231,Rewards,2023-05-03T21:13:13Z,ATOM,0.027119,0.297468311,Coinbase,,,
c5d380a7-31ed-5fce-be69-8612b84dd2e4,Rewards,2023-05-03T22:23:42Z,ATOM,0.020936,0.233132828,Coinbase,,,
e8458eb4-81ec-567e-9e23-95bbc42a6a7a,Rewards,2023-05-03T22:33:49Z,ATOM,0.017589,0.196152528,Coinbase,,,
72381f4c-e545-59ed-ae3c-bb1bd6ff71ff,Rewards,2023-05-03T22:57:32Z,ATOM,0.025159,0.280548009,Coinbase,,,
3df255ad-a3a1-559e-b66f-dfb9fa1f20f7,Rewards,2023-05-03T23:17:21Z,ATOM,0.081595,0.908723515,Coinbase,,,
cf6c1722-ba3d-572d-b3fd-c75ff4f22580,Rewards,2023-05-05T21:10:02Z,ETH2,0.001133352,2.25705350772,Coinbase,,,
29fcaad3-ba60-5a10-b0b2-ac344e6c9209,Rewards,2023-05-06T00:31:59Z,XTZ,0.427128,0.436951944,Coinbase,,,
581994e8-7820-50c6-96cf-e772bf760b97,Rewards,2023-05-06T03:01:10Z,USDC,0.477933,0.477933,Coinbase,,,
936a82fa-2fdc-5214-846e-2c65ac61de45,Rewards,2023-05-06T10:31:07Z,SOL,0.017672891,0.39817023423,Coinbase,,,
ff29db3c-cdd0-566c-8f80-c2f0d4b5fa78,Rewards,2023-05-07T02:35:31Z,ADA,0.797603,0.3025308179,Coinbase,,,
406d216c-d47c-5f4a-8775-e3008f0316d8,Rewards,2023-05-08T16:07:39Z,ETH2,0.001297135,2.4175483276,Coinbase,,,
796426d8-055e-55c3-8a79-2aba474983c1,Sell,2023-05-09T02:07:17Z,,,,,MATH,3976,408.6819072
91ab43a1-8716-5e7c-8628-8886cb5aa024,Buy,2023-05-09T02:35:43Z,DOGE,5830.6,423.062971848,Coinbase,,,
646775f3-2fe9-5a3c-8c92-f4023667856f,Rewards,2023-05-09T20:55:00Z,XTZ,0.421132,0.38007163,Coinbase,,,
c6c8def7-9b4f-5f66-8dec-9880d2c898eb,Rewards,2023-05-12T16:55:52Z,ATOM,0.073744,0.804215192,Coinbase,,,
815a4845-16b2-569b-8e6c-c930aa5376e5,Rewards,2023-05-12T19:04:15Z,ATOM,0.038582,0.420563091,Coinbase,,,
593f50c6-a537-58f7-9f80-672ae3f6d44f,Buy,2023-05-12T20:35:12Z,USDC,1700,1700,Coinbase,,,
a6c84b23-335e-52da-87af-f566bd6e61c1,Rewards,2023-05-12T22:30:58Z,ATOM,0.033276,0.371077314,Coinbase,,,
dde5c9b0-b938-56b7-ae77-66fd62750f51,Rewards,2023-05-13T01:43:14Z,ATOM,0.144883,1.6046516665,Coinbase,,,
c9de8895-527b-5b55-ae72-0f633160fd7f,Rewards,2023-05-13T12:03:37Z,ADA,0.817118,0.2982072141,Coinbase,,,
50512cc3-b7be-5c39-b298-9ac55c390ad4,Send,2023-05-17T12:30:06Z,,,,,USDC,100.085895,100.085895
9cbebad6-ede2-5cf2-a7a2-668a098ddd50,Send,2023-05-17T17:54:07Z,,,,,USDC,1100.08605,1100.08605
3f86f404-089a-5586-bbfe-4007d63776c9,Rewards,2023-05-17T19:13:46Z,ETH2,0.00163115,2.9810408055,Coinbase,,,
ee571bb1-ebdc-52bf-9ec7-9faecdf6add5,Rewards,2023-05-17T22:50:22Z,ETH2,0.001752889,3.190792611145,Coinbase,,,
f4f35f5c-76dc-52a1-bb80-e46b7a827cc0,Rewards,2023-05-17T23:40:57Z,ETH2,0.001752293,3.191319818925,Coinbase,,,
7afe62c9-a3bf-5367-98d1-40ecc2f20a9a,Rewards,2023-05-19T17:24:59Z,ETH2,0.001367684,2.4855263253,Coinbase,,,
532f6e90-1799-5e44-a98d-bcb650e5a333,Sell,2023-05-20T01:03:43Z,,,,,USDC,230,230
f92dfc75-e18a-5c03-bc6d-b7949ea0c5a2,Buy,2023-05-20T01:06:16Z,DOT,42.86,230.39032976,Coinbase,,,
96fc88c0-48d1-58fe-893c-c5938917a2c0,Stake,2023-05-20T01:07:44Z,DOT,42.86,230.39032976,Coinbase,,,
e649a940-28cb-5ca6-b914-cea034d8a405,Buy,2023-05-20T01:09:45Z,USDC,1000,1000,Coinbase,,,
e79d2606-e7d3-5677-8e60-5a416d2c68cc,Send,2023-05-20T01:15:04Z,,,,,USDC,500.086605,500.086605
88504294-0719-5aab-a71b-d69426a9cc49,Sell,2023-05-20T04:47:43Z,,,,,USDC,500,500
81013d87-01b7-5bc5-ba6e-75428a366da9,Buy,2023-05-20T04:51:58Z,MATIC,571.8,499.39845528,Coinbase,,,
740b4cd7-004f-52da-8e57-db2220ed9542,Rewards,2023-05-22T10:18:17Z,DOT,0.0000616975,0.000328600885,Coinbase,,,
c7d91ee2-2e07-56b3-866f-96b891b49490,Rewards,2023-05-23T05:23:01Z,ETH2,0.001288917,2.39456289177,Coinbase,,,
5c14be89-8fc2-59a0-a428-ba7f18176d70,Rewards,2023-05-23T10:23:22Z,DOT,0.0000206805,0.000111757422,Coinbase,,,
f15d6d3b-e380-599a-ada1-23827ed3bfaa,Rewards,2023-05-24T10:23:33Z,DOT,0.0000100058,0.0000528406298,Coinbase,,,
737314a3-cedc-5f50-a904-be7594820df5,Rewards,2023-05-24T11:16:27Z,ADA,0.876358,0.3206155743,Coinbase,,,
4901238d-8757-5593-af84-4bef07e4bd4b,Rewards,2023-05-25T10:24:49Z,DOT,0.0121807241,0.064070608766,Coinbase,,,
8117299b-c10d-51b9-85b9-52932199b6d6,Rewards,2023-05-25T21:32:03Z,ETH2,0.001195607,2.161017806255,Coinbase,,,
cd9ccae9-3261-53f9-8793-c8657e85682c,Buy,2023-05-26T03:22:02Z,USDC,500,500,Coinbase,,,
2091c931-d173-5217-88bf-0987ddbb5562,Converted from,2023-05-26T03:50:35Z,,,,,USDC,500.810009,500.810009
4d96ac91-b457-58d2-9273-5ee9cc4d853e,Advanced trade trade,2023-05-26T03:50:35Z,DOT,95.65,500.9540579,Coinbase,,,
78e37e54-e2c6-513a-b12a-566ad4401edf,Stake,2023-05-26T04:22:20Z,DOT,95.65,500.9540579,Coinbase,,,
7474de0c-0151-5aa7-8f92-ea56b33165da,Buy,2023-05-26T04:23:36Z,ETH,0.00048688,0.8831060210816,Coinbase,,,
f96ac92c-448b-5ee2-9bf5-2ab5c4b9ac1e,Buy,2023-05-26T04:23:50Z,ETH,0.00010184,0.1847180356288,Coinbase,,,
9dd35876-0a52-58b2-9c9a-e5ec2c6b3e56,Converted from,2023-05-26T05:06:19Z,,,,,USDC,499.995939241188,499.995939241188
445ec84a-a3f0-5ef0-87e6-1897f09bb2f6,Advanced trade trade,2023-05-26T05:06:19Z,ETH,0.27549798,499.9973222410476,Coinbase,,,
5e8f982e-c4d0-5add-9e48-8cf6968a9d87,Convert,2023-05-26T05:07:13Z,,,,,ETH,0.2760867,501.065146297758
9e43f8c4-18b9-527a-a30c-00d50bcdf88e,Convert,2023-05-26T05:07:16Z,ETH2,0.2760867,501.065146297758,Coinbase,,,
a96cf779-f4be-5a5a-a81d-8f7a5b48d818,Rewards,2023-05-27T00:24:18Z,ATOM,0.150164,1.580025608,Coinbase,,,
3fe0346b-f5de-50a3-a7f6-5f4a5c02624f,Rewards,2023-05-27T00:35:01Z,ATOM,0.042556,0.447816788,Coinbase,,,
66e68305-453f-58db-95a8-a08351dc8725,Rewards,2023-05-27T00:47:14Z,ATOM,0.016,0.168224,Coinbase,,,
1a6c57ec-a280-5a0c-9abc-db4ed9bb8261,Sell,2023-05-27T04:09:19Z,,,,,BTC,0.00360606,96.1388587912968
604fa716-3749-5163-94ca-c10066cf7d21,Sell,2023-05-27T04:09:19Z,,,,,BTC,0.00453536,120.9143315995008
84adc3c4-a715-57ae-8217-334571951170,Sell,2023-05-27T04:09:20Z,,,,,BTC,0.00432811,115.3889719314708
69626ba1-b8bb-508d-9622-9545a323c8a4,Buy,2023-05-27T04:13:00Z,USDC,3032.44,3032.44,Coinbase,,,
cd942f4a-4242-5c89-813f-3a14048c0c4c,Buy,2023-05-27T04:16:22Z,USDC,500,500,Coinbase,,,
bf176719-709a-58ba-b8c3-65d650f60a68,Rewards,2023-05-27T04:22:47Z,ATOM,0.101637,1.076844015,Coinbase,,,
147f54fc-3492-5699-bfcb-73b20d9f73dc,Rewards,2023-05-27T04:24:31Z,ATOM,0.165381,1.7526251475,Coinbase,,,
af96c8ba-9343-543f-a3c9-73ba411099f5,Rewards,2023-05-27T04:25:12Z,ATOM,0.015088,0.159887536,Coinbase,,,
6950f176-f690-5f99-9867-ef3c1f27aff7,Spend,2023-05-27T04:27:55Z,,,,,USDC,2490.55,2490.55
7f74963e-502c-5792-adb8-558afec17e2b,Sell,2023-05-27T04:33:24Z,,,,,USDC,700,700
0070cf35-a3b0-59b5-a174-4307c57b2312,Rewards,2023-05-27T05:28:10Z,DOT,0.005239091,0.027683356844,Coinbase,,,
e4540b3a-3d29-5b4c-b913-477c9dba815d,Rewards,2023-05-27T06:01:49Z,ATOM,0.018511,0.1957815915,Coinbase,,,
d8e900cc-88d4-5ce0-a8f9-88043ad81267,Card rebate reward,2023-05-28T06:10:45Z,XLM,281.4816908,24.905500001984,Coinbase,,,
b8ad1e74-81e1-5d31-8b99-d820d572c8d7,Rewards,2023-05-28T10:17:47Z,DOT,0.0139342455,0.074826898335,Coinbase,,,
5ca1580c-d715-5d78-87f6-3609522cd064,Rewards,2023-05-28T18:15:25Z,ETH2,0.00131723,2.43350997735,Coinbase,,,
83c7d814-439f-5412-b5de-6d2b11a2781f,Rewards,2023-05-29T10:20:57Z,DOT,0.0463247122,0.2535814745828,Coinbase,,,
6fbebce4-0d9d-547c-9c6d-7d7119c69bd6,Rewards,2023-05-30T10:20:49Z,DOT,0.0426420725,0.234616682895,Coinbase,,,
5ad095bc-c4e6-5a0c-a273-51c5fedc3f99,Rewards,2023-05-30T10:24:15Z,DOT,0.0011720683,0.0064487197866,Coinbase,,,
8bafcf52-f9d8-589f-b90b-13b3da6f65d6,Rewards,2023-05-31T04:09:16Z,ADA,0.94356,0.358411266,Coinbase,,,
5d083acc-80ed-55c6-8f4b-87cb9b7293ed,Rewards,2023-05-31T17:18:37Z,ETH2,0.00118012257,2.19634381686555,Coinbase,,,
5f63c6e4-b593-556a-9d0f-5011cc45f6c7,Rewards,2023-05-31T19:27:54Z,DOT,0.030482959,0.1614529923435,Coinbase,,,
1e219f3b-4dd5-5e03-84a8-73af4e97706a,Rewards,2023-05-31T20:18:06Z,XTZ,0.423473,0.3830313285,Coinbase,,,
301195eb-ee45-53c2-8c9f-b3bb60edca17,Rewards,2023-05-31T23:20:37Z,XTZ,0.221606,0.200110218,Coinbase,,,
76ab947e-c52e-5876-861c-12b24b12b55f,Rewards,2023-05-31T23:22:10Z,XTZ,0.431542,0.389682426,Coinbase,,,
4a1d8c1b-cacd-5955-b6a5-fe7ec0fc65a9,Rewards,2023-05-31T23:24:00Z,XTZ,0.214213,0.193220126,Coinbase,,,
61f34420-87c9-55ae-b2f4-113378a81444,Rewards,2023-06-01T00:15:47Z,SOL,0.01847427,0.3866664711,Coinbase,,,
a41f40fa-c6b1-5e8d-8283-8680e2dc93d2,Rewards,2023-06-01T03:01:36Z,XTZ,0.419661,0.3737081205,Coinbase,,,
af5c5b7a-4725-5598-bac3-464058047b2b,Rewards,2023-06-01T07:08:23Z,XTZ,0.427875,0.382948125,Coinbase,,,
b2f308a0-89fc-56c8-9e51-7c4d3c37cd3c,Rewards,2023-06-01T07:21:55Z,XTZ,0.409915,0.3674887975,Coinbase,,,
0e529242-684d-5628-a742-e0f9924f4a30,Rewards,2023-06-01T19:27:25Z,SOL,0.018485922,0.38312073345,Coinbase,,,
d2aa0fc8-f844-5a73-9063-dbab699642ef,Rewards,2023-06-01T20:38:06Z,ADA,0.925426,0.3390760864,Coinbase,,,
33e4a925-6fc2-5cee-93f2-9a07ab4a2699,Buy,2023-06-02T05:31:00Z,USDC,1000,1000,Coinbase,,,
54bef1c1-4d42-5115-ada4-8893a838a79f,Rewards,2023-06-02T07:07:41Z,DOT,0.0440279604,0.2319613093674,Coinbase,,,
1b4938fd-4ced-5ae2-bc85-675eb009881b,Rewards,2023-06-02T10:19:11Z,DOT,0.0375250566,0.1979821986216,Coinbase,,,
2bb1d1d0-0a93-5030-83f6-c85c978dd3a5,Converted from,2023-06-02T13:46:41Z,,,,,USDC,299.392691568,299.392691568
c3543a12-1ad1-56cb-9782-38e887ee8c25,Advanced trade trade,2023-06-02T13:46:41Z,DOT,57.039,299.50722588,Coinbase,,,
766548ae-a8e9-59d8-b9bb-9239d0515b5f,Stake,2023-06-02T16:20:40Z,DOT,57.039,299.50722588,Coinbase,,,
5c2561fa-21fa-580e-b32e-90dc0d251330,Rewards,2023-06-03T10:19:47Z,DOT,0.0436760129,0.23098059422165,Coinbase,,,
ddb0182d-0f03-51b8-87ab-fbabb03de4b1,Rewards,2023-06-03T22:43:25Z,ETH2,0.001387508679,2.625353734339665,Coinbase,,,
0f903761-c77d-5a04-b202-fe74478bc0eb,Rewards,2023-06-04T10:26:30Z,DOT,0.005700866,0.030596547822,Coinbase,,,
ec382f22-c8ec-5139-9bd0-a95e6fc44e8b,Rewards,2023-06-04T10:27:11Z,DOT,0.0710864138,0.3815207828646,Coinbase,,,
e8363c06-d89d-5dc0-954a-b385f4c0757a,Rewards,2023-06-04T12:59:15Z,USDC,1.016081,1.016081,Coinbase,,,
31b6f74d-c2b6-54e9-9878-3695a6e02333,Buy,2023-06-05T04:49:42Z,USDC,1000,1000,Coinbase,,,
f616ba1f-c466-5a3a-8d1a-015dee102b12,Rewards,2023-06-05T10:29:08Z,DOT,0.0033009559,0.0174521538433,Coinbase,,,
f569a7dd-0639-5280-b45a-41aeec53480b,Rewards,2023-06-05T10:36:09Z,DOT,0.0703743817,0.37203416885705,Coinbase,,,
3e6422cd-1e4e-5d23-a754-a6bced73494f,Converted from,2023-06-05T15:04:05Z,,,,,USDC,253.88620884,253.88620884
fba00620-c009-5018-916a-a8ebde59239c,Advanced trade trade,2023-06-05T15:04:05Z,XTZ,283.81,254.02868146,Coinbase,,,
9064b065-c210-597b-ba48-f3b61a57642f,Converted from,2023-06-05T15:04:05Z,,,,,USDC,45.50647068,45.50647068
08592d16-05eb-5227-9d07-ada13ca568e4,Advanced trade trade,2023-06-05T15:04:05Z,XTZ,50.87,45.53200742,Coinbase,,,
c24a397f-bfff-5c09-8937-ca1d716f1572,Converted from,2023-06-05T15:19:36Z,,,,,USDC,299.33799164,299.33799164
ed2b2d65-f9ab-51b3-a8ef-05a56a3e288f,Advanced trade trade,2023-06-05T15:19:36Z,ATOM,28.43,299.38080722,Coinbase,,,
92096928-deff-5170-9305-7a6f314b7c95,Converted from,2023-06-05T15:26:16Z,,,,,USDC,299.3730212,299.3730212
f0629e94-6411-544a-8c5f-c82c418b7a58,Advanced trade trade,2023-06-05T15:26:16Z,SOL,14.267,299.58788222,Coinbase,,,
3ef7a360-30f5-53c5-ab20-22dbb7a6c012,Buy,2023-06-05T15:56:47Z,USDC,500,500,Coinbase,,,
c148d28a-0982-5e03-8f35-b3a882ed2233,Sell,2023-06-05T18:49:06Z,,,,,DOGE,5051.1,332.677770684
0d2e7373-bd8b-59b4-8e17-258956fd3585,Sell,2023-06-05T18:49:06Z,,,,,DOGE,779.5,51.33977198
c97ed4e8-226d-55ca-87c4-b1a26c57c468,Sell,2023-06-05T18:51:03Z,,,,,MATIC,3.6,2.99612736
03c99472-4a18-5317-8cd0-6cdcf43d46f1,Sell,2023-06-05T18:52:46Z,,,,,MATIC,10.7,8.90515632
17cf51e8-7647-56c1-a280-fef63fe9881a,Sell,2023-06-05T18:55:34Z,,,,,XTZ,11.72,9.91047888
f63259fd-71a3-5c26-90d5-d2902b0d20e6,Sell,2023-06-05T18:55:35Z,,,,,XTZ,322.96,273.09626784
23e8263d-8a47-5177-8112-5ef8369fe563,Buy,2023-06-05T19:00:04Z,MTL,245.58,338.77662768,Coinbase,,,
b7f24d4f-79d8-52f5-ab51-a24f048ae8a8,Buy,2023-06-05T19:01:35Z,MULTI,41.274,169.734537216,Coinbase,,,
c44b6132-c5b0-529e-bade-dc3eca192851,Buy,2023-06-05T19:01:35Z,MULTI,41.273,169.730424832,Coinbase,,,
ef4ee7db-022b-536c-aa5d-3a5683efb459,Sell,2023-06-05T19:07:16Z,,,,,SOL,14.267,284.05654068
38539792-89cd-51c2-8e47-7ff72d3887e8,Sell,2023-06-05T19:08:34Z,,,,,MATIC,1.1,0.91581204
f7276ed7-84be-5fc5-9ff4-fd9eccbd25ec,Sell,2023-06-05T19:08:49Z,,,,,MATIC,556.4,463.23438096
c583070e-233d-5643-908c-a6a36e4d1444,Rewards,2023-06-05T19:13:09Z,SOL,0.018436912,0.36772420984,Coinbase,,,
ba3eb1d5-df23-5fae-bd97-e305fbc522e0,Sell,2023-06-05T19:17:04Z,,,,,ATOM,28.43,281.69035344
7b67c3c3-c8b1-5107-8be6-8b437d64bf6b,Buy,2023-06-05T19:21:16Z,DEXT,50,24.01066,Coinbase,,,
39271656-76a3-56d4-947f-59eb7360e267,Buy,2023-06-05T19:24:19Z,PRIME,2.92,4.42976848,Coinbase,,,
53f7a62e-bbac-5b7b-bfef-b97476da6935,Buy,2023-06-05T19:24:19Z,PRIME,3.02,4.58147288,Coinbase,,,
36eea22f-f2a0-55cd-b5f6-a1d98a8c187c,Buy,2023-06-05T19:24:19Z,PRIME,3.71,5.62823324,Coinbase,,,
7f985ab6-fde1-550c-8d5a-5a328c989e12,Buy,2023-06-05T19:24:19Z,PRIME,3.3,5.0062452,Coinbase,,,
d78b61e4-762c-53e0-a07b-8063edc90423,Buy,2023-06-05T19:24:19Z,PRIME,5.19,7.87345836,Coinbase,,,
121b30b5-693a-517c-9f20-11533ab00c31,Buy,2023-06-05T19:24:19Z,PRIME,5.37,8.14652628,Coinbase,,,
7be17425-3350-5661-a5f8-1e54ff5a56f2,Buy,2023-06-05T19:24:19Z,PRIME,5.12,7.76726528,Coinbase,,,
3932ace5-b144-55ae-aef9-978f6dcd8fea,Buy,2023-06-05T19:24:19Z,PRIME,3.51,5.32482444,Coinbase,,,
73c61a10-6122-5667-9622-b8be0e1f6f46,Buy,2023-06-05T19:24:19Z,PRIME,5.05,7.6610722,Coinbase,,,
2acc9cfb-7b15-5c3e-9ac6-4ec470233c92,Buy,2023-06-05T19:24:19Z,PRIME,5.58,8.46510552,Coinbase,,,
ad311d72-6b62-5535-8cdb-87382d216972,Buy,2023-06-05T19:25:41Z,PRIME,0.66,1.00124904,Coinbase,,,
6bfca874-8ae3-5e7a-bc37-8810e7ee6940,Buy,2023-06-05T19:26:24Z,PRIME,0.4,0.6068176,Coinbase,,,
2e710f2c-b70d-54ea-964b-42e32ac384fa,Buy,2023-06-05T19:26:40Z,PRIME,0.07,0.10619308,Coinbase,,,
f6101b1c-f22d-5710-a7e7-5bb625c1e04f,Buy,2023-06-05T19:27:07Z,PRIME,0.07,0.10619308,Coinbase,,,
bfa4d0d4-1f4a-53d2-99a2-ede4a2278952,Buy,2023-06-05T19:27:27Z,PRIME,0.12,0.18204528,Coinbase,,,
1a4e8905-4153-57d2-afca-384d37d59c3b,Buy,2023-06-05T19:27:44Z,PRIME,0.4,0.6068176,Coinbase,,,
7105a017-739c-5246-8ffa-204027ec13c2,Buy,2023-06-05T19:28:37Z,PRIME,0.07,0.10619308,Coinbase,,,
bf056842-42df-5d25-bdbc-a193493d9464,Buy,2023-06-05T19:33:00Z,PRIME,166.16,252.07203104,Coinbase,,,
d784da0f-3e18-5dc9-bf88-93a0c56d4d8e,Buy,2023-06-05T19:42:39Z,AVT,314.98,341.5391136,Coinbase,,,
8163d960-bcf4-5899-b635-332516296a9c,Buy,2023-06-05T19:46:33Z,DEXT,665.2,319.43782064,Coinbase,,,
a221fe4c-e3ec-5fba-ad11-3df9856026ad,Rewards,2023-06-05T20:27:40Z,ATOM,0.033002,0.330366521,Coinbase,,,
9dc69c58-79c5-59de-bc81-4c2a3d1974cf,Sell,2023-06-05T23:04:42Z,,,,,FLR,118,2.42930376
9d63b107-0454-5df3-ba3c-453acd102ca6,Rewards,2023-06-06T01:00:41Z,ATOM,0.043792,0.438270336,Coinbase,,,
3eb4f113-786c-51d2-b4ee-24cbd1a83062,Send,2023-06-06T01:13:05Z,,,,,USDC,1500.08323,1500.08323
e23fca3d-9773-5fdf-8f56-13ac3df844fe,Rewards,2023-06-06T02:17:04Z,ATOM,0.261925,2.6056299,Coinbase,,,
966a2641-98fd-5bd2-a3d7-f7e399a043c3,Rewards,2023-06-06T03:57:23Z,ATOM,0.006519,0.0651215505,Coinbase,,,
277a7f43-2f41-5ac1-ba1d-93b3b56a9a32,Rewards,2023-06-06T04:35:14Z,ATOM,0.031024,0.310100392,Coinbase,,,
329b7568-677f-5439-8cdd-ebc329048345,Rewards,2023-06-06T06:57:30Z,ATOM,0.029389,0.2939928615,Coinbase,,,
0c2e55d0-3c18-56ed-ac45-9675e0415564,Rewards,2023-06-06T07:11:17Z,ATOM,0.045986,0.460595776,Coinbase,,,
17f2eb79-c5f3-506e-a216-181ba354d1bb,Rewards,2023-06-06T07:18:12Z,ATOM,0.226756,2.270281072,Coinbase,,,
816904c7-a22e-5643-8e8d-4b8b1f2fb0b4,Rewards,2023-06-06T17:34:25Z,ETH2,0.001373814635,2.57690532530855,Coinbase,,,
7cded8fc-9948-52ac-a464-fb8ca74185dc,Rewards,2023-06-06T20:18:28Z,DOT,0.0564047701,0.2961814477951,Coinbase,,,
ac84dc93-ecd5-55c2-90c6-689f639dcd8d,Sell,2023-06-07T03:03:50Z,,,,,MTL,245.58,461.0666268
10b4e15c-ac05-5ac0-8589-d6cd17ac687a,Sell,2023-06-07T03:13:40Z,,,,,PRIME,1,1.678866
96914fde-1422-5e73-a3d9-3f376c489d69,Sell,2023-06-07T03:13:46Z,,,,,PRIME,1,1.680854
2e408c31-8df2-5ea8-b59a-b68231948137,Sell,2023-06-07T03:13:51Z,,,,,PRIME,1,1.680854
4b5d0115-e447-5b28-9b5c-d7c0e853f737,Sell,2023-06-07T03:14:04Z,,,,,PRIME,1,1.678866
b59ce304-db89-50d7-b8fb-a7b4931f7d60,Sell,2023-06-07T03:14:09Z,,,,,PRIME,0.6,1.0073196
6effcf70-19f6-5017-b392-0c66f231e4c9,Sell,2023-06-07T03:14:11Z,,,,,PRIME,0.6,1.0073196
084761b8-23bc-5368-8dc3-0bfdb92cd007,Sell,2023-06-07T03:14:40Z,,,,,PRIME,1,1.678866
189f4af8-dd22-51bd-a27a-83c617464239,Sell,2023-06-07T03:14:44Z,,,,,PRIME,1,1.678866
cb2418aa-d5a7-5d94-8995-bc25d8a2e350,Sell,2023-06-07T03:14:49Z,,,,,PRIME,1,1.678866
442c21d4-29c0-5e52-9c30-990aa642a458,Sell,2023-06-07T03:15:02Z,,,,,PRIME,1,1.678866
4c36567d-4aca-5fcd-a80d-abcd7841ed7e,Sell,2023-06-07T03:20:26Z,,,,,PRIME,201.52,339.80866656
e887aa21-3e71-5b65-87d9-6d3ea1a3df5c,Buy,2023-06-07T03:27:53Z,LPT,1.177,6.28668656,Coinbase,,,
c3cf6ba8-39e4-5426-825f-ad9490181db0,Buy,2023-06-07T03:32:06Z,LPT,77.594,418.34649912,Coinbase,,,
7e302174-f619-563b-9b9f-3fd2483eb0dc,Buy,2023-06-07T03:36:27Z,TRU,500,22.9916,Coinbase,,,
8b5fc04f-cdb9-5022-945d-8c1792e72b1c,Buy,2023-06-07T03:37:12Z,TRU,4761.7,218.95820344,Coinbase,,,
3c3e2585-3a3d-50e1-afbb-9c133a9f8c85,Buy,2023-06-07T03:40:37Z,TRU,3782.7,177.73848144,Coinbase,,,
25812987-b789-5736-821f-717b81ad6ee8,Sell,2023-06-07T03:52:48Z,,,,,MULTI,2.847,10.911434976
223f0cbb-c5e8-5ca3-a6bb-ef27854a3c5f,Sell,2023-06-07T03:52:48Z,,,,,MULTI,2.553,9.784648224
b03bfcf7-9c3e-52ca-b940-f50c5a34d18a,Sell,2023-06-07T03:52:48Z,,,,,MULTI,2.741,10.505178528
7f8c867f-8938-5b62-a283-a54a84c6637a,Sell,2023-06-07T03:52:48Z,,,,,MULTI,2.809,10.765795872
090ae633-fa28-51f6-b67f-497b3a5cf02e,Sell,2023-06-07T03:52:48Z,,,,,MULTI,2.615,10.02226992
fe744df6-f25e-59aa-b576-f24200740f4f,Sell,2023-06-07T03:52:48Z,,,,,MULTI,0.924,3.541329792
bc2aa349-ca3a-5044-8612-15480901135c,Sell,2023-06-07T03:52:48Z,,,,,MULTI,8.171,31.316239968
b23e093f-0592-5787-871f-409f58416fb1,Sell,2023-06-07T03:52:48Z,,,,,MULTI,59.887,229.523395296
94e4cb2b-d2bc-5539-9119-cb25daec2285,Buy,2023-06-07T03:54:42Z,MDT,6943,316.05480248,Coinbase,,,
2880c7ac-a559-5f1c-bb8b-3291b70d8c17,Rewards,2023-06-07T18:05:07Z,SOL,0.018755021,0.357001824735,Coinbase,,,
50a3dae7-4732-5eae-8e4c-d492f2059733,Sell,2023-06-08T05:23:54Z,,,,,LPT,78.771,366.38912772
0a39599e-45d5-5f31-b400-7052235cc14e,Sell,2023-06-08T05:24:14Z,,,,,TRU,9044.4,360.328896
6e25518a-734e-5831-a99a-41208df17943,Buy,2023-06-08T05:27:24Z,STORJ,1000,308.0272,Coinbase,,,
32668a19-451a-519e-9fed-fb1cd6bffb63,Buy,2023-06-08T05:27:24Z,STORJ,178.34,54.933570848,Coinbase,,,
9282a326-446b-5635-892f-067f48763dfd,Buy,2023-06-08T05:28:48Z,AGLD,779.86,363.69394988,Coinbase,,,
99661f3a-6ba9-560b-9950-78cf3d5bc800,Rewards,2023-06-08T17:15:28Z,SOL,0.018764469,0.350989392645,Coinbase,,,
390694ae-42da-5bd9-99ff-65585d18d7f9,Rewards,2023-06-08T21:45:46Z,ADA,0.922547,0.29858233655,Coinbase,,,
d9d46810-c7f1-57d6-b3c0-1606ad05aef1,Rewards,2023-06-09T00:49:16Z,DOT,0.0549684867,0.275392118367,Coinbase,,,
2985101a-f4de-54e8-829a-af14a453a564,Rewards,2023-06-09T00:54:10Z,ATOM,0.002567,0.024160604,Coinbase,,,
30b0158b-ace9-585d-9619-6c883573192c,Rewards,2023-06-09T02:00:36Z,ATOM,0.000426,0.004013985,Coinbase,,,
86e4b94a-1999-595d-989f-b864f5297bc6,Buy,2023-06-09T05:46:44Z,USDC,2500,2500,Coinbase,,,
e520a32c-8c6e-5d94-821f-14d22c9bf0bb,Buy,2023-06-09T05:47:18Z,USDC,2500.74,2500.74,Coinbase,,,
8112fcc4-0519-5c3e-87b2-5ab7e3da875f,Rewards,2023-06-09T19:06:53Z,ATOM,0.408966,3.78906999,Coinbase,,,
bc7198f7-5938-56d7-9d14-127f90e4289c,Rewards,2023-06-09T21:31:02Z,DOT,0.0475363555,0.23746786390025,Coinbase,,,
c79ac6c4-52fe-55e3-9bf1-01be6619d5d2,Converted from,2023-06-10T00:40:04Z,,,,,STORJ,1178.34,327.793920552
0d2cc494-2d55-53e1-91cf-d65344ee2eb2,Advanced trade trade,2023-06-10T00:40:04Z,USDC,328.992528,328.992528,Coinbase,,,
bf3ba81d-4e82-5457-8ef4-f09c4c64de8d,Converted from,2023-06-10T01:01:00Z,,,,,USDC,518.8610779,518.8610779
13d829e6-3862-57d1-a007-e036306aaf10,Advanced trade trade,2023-06-10T01:01:00Z,LINK,87.56,518.64163065,Coinbase,,,
24db37b6-b861-5739-9e04-0628b2dce13d,Converted from,2023-06-10T01:01:00Z,,,,,USDC,479.573173075,479.573173075
e5031a63-2c24-5903-a825-7b3b47ab25d9,Advanced trade trade,2023-06-10T01:01:00Z,LINK,80.93,479.3703422625,Coinbase,,,
4fbf9497-6dee-50b1-af99-b2fdbc5c9e7a,Converted from,2023-06-10T01:50:03Z,,,,,USDC,998.48999995188,998.48999995188
2447a8db-dbb6-55eb-8ff3-0a07d2ae0923,Receive,2023-06-10T01:50:03Z,ETC,59.64071856,1000.00000000000000232651376,Customer provided,,,
483d05a0-0fdf-5fc5-9c12-df815bec1cde,Converted from,2023-06-10T02:43:38Z,,,,,USDC,998.48999919549375,998.489999195493650151000080450625
3f95f290-0513-5211-a1a1-388bb9834a20,Advanced trade trade,2023-06-10T02:43:38Z,LTC,11.46804835,1000.1570233737706,Coinbase,,,
d668b7b4-d091-5426-a11a-558dc2f79d1b,Rewards,2023-06-10T20:04:21Z,ADA,0.930312,0.2461140396,Coinbase,,,
83c89b38-7eff-519c-9ea3-d5797f15a7dd,Rewards,2023-06-11T00:26:47Z,ETH2,0.001610047641,2.82207540466839,Coinbase,,,
a2d682b3-136e-5239-8ab2-5b41523153e2,Rewards,2023-06-11T00:40:38Z,DOT,0.069259741,0.3112879059245,Coinbase,,,
9b847b8d-48c9-5899-abe9-973da530b982,Rewards,2023-06-11T00:40:55Z,DOT,0.0551346395,0.24780263723275,Coinbase,,,
ab5f90d5-17c4-54b1-8b16-8c3dc312b01e,Rewards,2023-06-11T20:26:22Z,DOT,0.069573254,0.315897359787,Coinbase,,,
693ebbd9-9193-5411-93f5-25565aad6689,Sell,2023-06-12T03:57:00Z,,,,,MDT,6943,252.3704127
57a88a19-3bed-5ed9-a06b-580aa68cbc79,Sell,2023-06-12T03:58:45Z,,,,,LINK,3.63,18.3508479
fc48e53d-9b4a-52d2-a039-48c5a2672e09,Sell,2023-06-12T03:58:51Z,,,,,LTC,0.01458365,1.10791405704
585fc0b7-26e8-5a9f-a4e6-1fc39c65a98f,Sell,2023-06-12T03:59:00Z,,,,,LTC,0.05120717,3.890188222032
1fe18533-d070-5a04-af01-9df02d61b6c6,Sell,2023-06-12T03:59:04Z,,,,,LTC,0.065323,4.9625621808
8b22930f-433c-5fc0-b259-a21132b59c19,Sell,2023-06-12T03:59:06Z,,,,,LTC,2.0007,151.99237872
d2120107-5e8d-5abe-9b2c-dee2b5bfcb7a,Sell,2023-06-12T03:59:06Z,,,,,LTC,9.3362,709.26737952
b6c06b1a-f7f5-554c-9f8b-b712933ca4a1,Sell,2023-06-12T03:59:06Z,,,,,LTC,0.00003453,0.002623230288
7869dee1-5086-5cb3-afe8-5ff5fac93f15,Sell,2023-06-12T03:59:08Z,,,,,LINK,1.77,8.9479341
131d5f8f-1f82-5f87-86a7-7628fc5e08fe,Sell,2023-06-12T03:59:14Z,,,,,LINK,3.63,18.3508479
dd489b65-2d0c-54d0-8513-dbb645ee57ef,Sell,2023-06-12T03:59:16Z,,,,,LINK,159.46,806.1229218
6948bb50-8da7-5321-8bf4-d040ea417df7,Sell,2023-06-12T03:59:16Z,,,,,ETC,59.64071856,887.614922112912
8a1e3ceb-162c-5eaa-a75a-6ca4e8f03ae7,Buy,2023-06-12T04:02:15Z,BCH,4.23049225,436.12449200692,Coinbase,,,
6d88481a-1e8d-5a4f-9890-b0ed875e64d3,Buy,2023-06-12T04:02:15Z,BCH,3.35,345.320278,Coinbase,,,
90866c2f-90f0-5382-867e-29208dc3bcf1,Buy,2023-06-12T04:02:15Z,BCH,3.35,345.320278,Coinbase,,,
c73f0f9c-51f0-52c1-83ac-3a1b4fc5a7fe,Buy,2023-06-12T04:02:16Z,BCH,3.61956618,372.586198000806,Coinbase,,,
2c726845-ddcd-528a-b268-6b3024f1b37d,Buy,2023-06-12T04:03:24Z,USDC,1363.63,1363.63,Coinbase,,,
1975893e-d70c-5201-a67b-6a7289dc2a79,Converted from,2023-06-12T04:04:18Z,,,,,USDC,2.2798454,2.2798454
072f93bc-43ac-58bf-b9ca-67a710b14eb9,Advanced trade trade,2023-06-12T04:04:18Z,VGX,21.7,2.2798454,Coinbase,,,
ee6d5b0f-34f7-547e-9b86-089b31a87243,Converted from,2023-06-12T04:04:23Z,,,,,USDC,6.8395362,6.8395362
614863b1-75dd-57d6-91fc-8cceb522c2b7,Advanced trade trade,2023-06-12T04:04:24Z,VGX,65.1,6.8427993375,Coinbase,,,
da1af7ef-846a-50f1-af91-99d9cf1802e4,Converted from,2023-06-12T04:04:26Z,,,,,USDC,6.8395362,6.8395362
1f1c397a-44a2-5732-839b-9c89c6ca13ae,Advanced trade trade,2023-06-12T04:04:26Z,VGX,65.1,6.8427993375,Coinbase,,,
fdce620c-0cd9-5e98-8084-0bd62f0bd7f4,Converted from,2023-06-12T04:04:52Z,,,,,USDC,2.2798454,2.2798454
a5c68f66-48e1-5453-a3b0-f63ef37b97f3,Advanced trade trade,2023-06-12T04:04:52Z,VGX,21.7,2.2809331125,Coinbase,,,
918b7e3a-702e-5e69-996e-849bd8151522,Converted from,2023-06-12T04:05:05Z,,,,,USDC,121.2844920925,121.2844920925
4dd75f99-cc2d-5f78-b8e8-e7a22c308616,Advanced trade trade,2023-06-12T04:05:05Z,SWFTC,85019,121.41233941375,Coinbase,,,
9986fe58-b92a-519d-b8b5-23fd40662852,Converted from,2023-06-12T04:05:09Z,,,,,USDC,6.8395362,6.8395362
22f237ef-bca5-5184-9bc5-898cb07447f9,Advanced trade trade,2023-06-12T04:05:09Z,VGX,65.1,6.8427993375,Coinbase,,,
3c9890c0-bef2-5c11-8fe1-0dd8351582ca,Converted from,2023-06-12T04:05:09Z,,,,,USDC,30.8122154425,30.8122154425
47f5bdd8-a8a6-531c-ad17-2822d380fb50,Advanced trade trade,2023-06-12T04:05:09Z,SWFTC,21599,30.84469493875,Coinbase,,,
ccb06425-b583-5e79-aafc-036871bbc79b,Converted from,2023-06-12T04:05:10Z,,,,,USDC,31.290112205,31.290112205
669c1917-d110-57e3-8bea-369992046435,Advanced trade trade,2023-06-12T04:05:10Z,SWFTC,21934,31.3230954575,Coinbase,,,
cd875351-d031-5544-b79a-64d3fce8f5a6,Converted from,2023-06-12T04:05:11Z,,,,,USDC,31.290112205,31.290112205
2bad9613-ac29-5275-84e0-2f6a65474d86,Advanced trade trade,2023-06-12T04:05:11Z,SWFTC,21934,31.3230954575,Coinbase,,,
89907112-94fa-5ded-8eb7-d063853a0111,Converted from,2023-06-12T04:05:11Z,,,,,USDC,53.6571072475,53.6571072475
74024bd9-826d-59e2-8cc6-b4e2673f5fbf,Converted from,2023-06-12T04:05:11Z,,,,,USDC,53.6571072475,53.6571072475
dd9380f9-a74b-5b29-9ce4-f7833d1e4228,Advanced trade trade,2023-06-12T04:05:11Z,SWFTC,37613,53.7325213125,Coinbase,,,
f1e223b4-fba4-5d84-b328-c4c464fd9ef7,Advanced trade trade,2023-06-12T04:05:11Z,SWFTC,37613,53.7325213125,Coinbase,,,
e85b6f5a-d44c-5457-8bec-a3a30aba2b28,Converted from,2023-06-12T04:05:12Z,,,,,USDC,16.09727483,16.09727483
7e461690-4cfd-57bc-b521-f89a76eb5790,Advanced trade trade,2023-06-12T04:05:12Z,SWFTC,11284,16.11989925,Coinbase,,,
f07479b6-4238-5e10-911b-8dce3784b68e,Converted from,2023-06-12T04:05:12Z,,,,,USDC,6.8395362,6.8395362
82a1eb68-917b-53bb-8f6f-606d0c50e914,Advanced trade trade,2023-06-12T04:05:12Z,VGX,65.1,6.8427993375,Coinbase,,,
75ee0d33-b0d5-53dd-928a-3c4429f75c02,Converted from,2023-06-12T04:05:15Z,,,,,USDC,31.290112205,31.290112205
8bd496b4-ed48-5db1-97d4-6e704dba98d9,Advanced trade trade,2023-06-12T04:05:15Z,SWFTC,21934,31.334089875,Coinbase,,,
401fb51d-f5d8-5164-b293-082e2729218e,Converted from,2023-06-12T04:05:16Z,,,,,USDC,31.290112205,31.290112205
44611933-a976-5704-81f5-5f777598d0ab,Advanced trade trade,2023-06-12T04:05:16Z,SWFTC,21934,31.334089875,Coinbase,,,
d33e748a-2418-532b-950d-e1f1e52c812f,Converted from,2023-06-12T04:05:18Z,,,,,USDC,31.290112205,31.290112205
eb7b6855-9abc-54cc-a9c7-30aa6209db56,Advanced trade trade,2023-06-12T04:05:18Z,SWFTC,21934,31.334089875,Coinbase,,,
b610160c-1ad7-5464-9127-c12bca1d2aa0,Converted from,2023-06-12T04:05:20Z,,,,,USDC,23.54961121,23.54961121
ad0fe6a6-7c0d-5f58-9605-cfabe0203f5e,Advanced trade trade,2023-06-12T04:05:20Z,SWFTC,16508,23.58270975,Coinbase,,,
8d28d488-3ee5-5779-889c-1594f9273fe8,Converted from,2023-06-12T04:05:20Z,,,,,USDC,15.306961975,15.306961975
2b30326a-306a-5fa1-b953-4ec5b6aa3405,Advanced trade trade,2023-06-12T04:05:20Z,SWFTC,10730,15.328475625,Coinbase,,,
42da5899-e43b-5f8c-90b1-060a619bd87d,Converted from,2023-06-12T04:05:22Z,,,,,USDC,4.5596908,4.5596908
68134289-e0cc-5a36-9304-b6855e56f206,Advanced trade trade,2023-06-12T04:05:22Z,VGX,43.4,4.561866225,Coinbase,,,
d3bf9728-312b-59d8-a1f9-2d814f24574e,Converted from,2023-06-12T04:05:27Z,,,,,USDC,4.5596908,4.5596908
8251228f-707c-59f8-87a8-fcc5b4d001b1,Advanced trade trade,2023-06-12T04:05:27Z,VGX,43.4,4.561866225,Coinbase,,,
2fb642e7-8e4b-509f-9f19-0e66ccca1935,Converted from,2023-06-12T04:05:30Z,,,,,USDC,2.2798454,2.2798454
176b2e20-5f10-58a5-96df-701fefc1e696,Advanced trade trade,2023-06-12T04:05:30Z,VGX,21.7,2.2809331125,Coinbase,,,
8f1eed22-c0a2-5f48-8d73-11444bc498ad,Converted from,2023-06-12T04:05:42Z,,,,,USDC,22.445455705,22.445455705
cf30a55e-13d3-588c-b226-2357411b478d,Advanced trade trade,2023-06-12T04:05:42Z,SWFTC,15734,22.4691157075,Coinbase,,,
063974f7-616d-5cde-84a9-1db7be4b2e19,Converted from,2023-06-12T04:05:51Z,,,,,USDC,6.8395362,6.8395362
1c77d21b-6b53-5f8a-a08c-5f9b93210718,Advanced trade trade,2023-06-12T04:05:51Z,VGX,65.1,6.8427993375,Coinbase,,,
c7d485fe-6bae-56d4-8e92-e0295ad68a2b,Converted from,2023-06-12T04:06:31Z,,,,,USDC,2.2798454,2.2798454
9414e1c5-4654-50e8-8d88-2f15f620fecc,Advanced trade trade,2023-06-12T04:06:31Z,VGX,21.7,2.2809331125,Coinbase,,,
dddc9990-64ef-57b1-b56d-ed75bb5623fb,Converted from,2023-06-12T04:06:33Z,,,,,USDC,306.189996075,306.189996075
c23328b1-1392-58d3-a473-1d2805973b52,Converted from,2023-06-12T04:06:33Z,,,,,USDC,193.05353025,193.05353025
4bb00139-7d8c-5d3e-9bfb-f196e712826f,Advanced trade trade,2023-06-12T04:06:33Z,APT,49.183,306.4365258625,Coinbase,,,
964af748-bd24-5108-95a0-e017cf3d3546,Advanced trade trade,2023-06-12T04:06:33Z,APT,31.01,193.208967875,Coinbase,,,
132b000f-4830-50c6-bdf7-9c4048b6321f,Converted from,2023-06-12T04:06:44Z,,,,,USDC,40.47618612,40.47618612
9256d2f7-00ba-5513-834d-c73272368673,Advanced trade trade,2023-06-12T04:06:44Z,VGX,385.26,40.4954972775,Coinbase,,,
11c9e190-9649-5b10-bf75-ef111e35cee0,Converted from,2023-06-12T04:06:47Z,,,,,USDC,4.5596908,4.5596908
a85972dd-b131-523d-8732-17552883be96,Advanced trade trade,2023-06-12T04:06:47Z,VGX,43.4,4.561866225,Coinbase,,,
2fe418a9-a650-5499-9258-30a1be58fae4,Converted from,2023-06-12T04:06:50Z,,,,,USDC,2.2798454,2.2798454
9ec5b97a-d75c-5b05-978c-c6a611b266c7,Advanced trade trade,2023-06-12T04:06:50Z,VGX,21.7,2.2809331125,Coinbase,,,
2018c2ab-cf49-5c35-878a-60115277ff31,Converted from,2023-06-12T04:07:24Z,,,,,USDC,4.5596908,4.5596908
17717fcc-4c15-5956-b7d2-7a7ffe5a80b2,Advanced trade trade,2023-06-12T04:07:24Z,VGX,43.4,4.561866225,Coinbase,,,
80c856df-9302-5b58-98d0-2eca310ba178,Converted from,2023-06-12T04:07:27Z,,,,,USDC,2.2798454,2.2798454
9e2d5452-287b-5da5-b799-5ce65bdc72e6,Advanced trade trade,2023-06-12T04:07:27Z,VGX,21.7,2.2809331125,Coinbase,,,
90354af5-8f67-5634-b1aa-c39fccafc188,Converted from,2023-06-12T04:07:41Z,,,,,USDC,6.8395362,6.8395362
fa599d04-5963-5482-9e3e-736d3511e7af,Advanced trade trade,2023-06-12T04:07:41Z,VGX,65.1,6.8427993375,Coinbase,,,
efa2abdd-3200-54cb-8815-e5034ba27f2c,Converted from,2023-06-12T04:07:46Z,,,,,USDC,6.8395362,6.8395362
45f9b284-5b7c-5f2a-85a8-01d14593d85e,Advanced trade trade,2023-06-12T04:07:46Z,VGX,65.1,6.8427993375,Coinbase,,,
c53b1262-dd82-5df2-b520-7c6ff171291c,Converted from,2023-06-12T04:07:48Z,,,,,USDC,6.8395362,6.8395362
e9b5bdbd-3a4a-5756-8d01-24396be4d219,Advanced trade trade,2023-06-12T04:07:48Z,VGX,65.1,6.8427993375,Coinbase,,,
548ec102-14e5-5e47-ae49-8aa23bb9a775,Converted from,2023-06-12T04:07:54Z,,,,,USDC,2.2798454,2.2798454
cc27d6a6-afd0-5726-a146-66e17665fce8,Advanced trade trade,2023-06-12T04:07:54Z,VGX,21.7,2.2809331125,Coinbase,,,
4cf83fc9-b55a-53e5-9f0e-9d47500e9ba2,Converted from,2023-06-12T04:08:05Z,,,,,USDC,5.982982155,5.982982155
024bdd22-6ad1-5c66-95e4-834d7ac988ff,Advanced trade trade,2023-06-12T04:08:05Z,SWFTC,4194,6.00400458,Coinbase,,,
dbd27339-9a56-5968-8bb7-1deb3aa4d055,Converted from,2023-06-12T04:11:20Z,,,,,USDC,6.093886725,6.093886725
47e38600-1eac-594f-970b-a9d94b1d028e,Advanced trade trade,2023-06-12T04:11:20Z,APE,2.61,6.0978115125,Coinbase,,,
953eb815-baf4-5e78-a4af-5f7bcddfad0b,Converted from,2023-06-12T04:11:25Z,,,,,USDC,6.093886725,6.093886725
5032b966-71f1-5e83-9adb-87bf1aee89da,Advanced trade trade,2023-06-12T04:11:25Z,APE,2.61,6.0951949875,Coinbase,,,
a5e3489c-9c4e-5ead-a419-0324ec32c477,Converted from,2023-06-12T04:11:29Z,,,,,USDC,4.06259115,4.06259115
e9d9bbcd-b823-5e46-877e-5da8bc5af22b,Advanced trade trade,2023-06-12T04:11:29Z,APE,1.74,4.063463325,Coinbase,,,
801808ef-92e4-5aa8-b934-e52cfc21308d,Converted from,2023-06-12T04:11:35Z,,,,,USDC,6.093886725,6.093886725
ff9d6dc5-15b3-51bb-8a5d-6bc54a6b9275,Advanced trade trade,2023-06-12T04:11:35Z,APE,2.61,6.0951949875,Coinbase,,,
b62107b2-e06f-5982-99a0-7801589525f7,Converted from,2023-06-12T04:13:50Z,,,,,USDC,2.031295575,2.031295575
8fafb32b-2291-5f29-940a-bee42e225569,Advanced trade trade,2023-06-12T04:13:50Z,APE,0.87,2.033039925,Coinbase,,,
b19118d7-f30c-5f1f-8fbd-31ad8354cad1,Converted from,2023-06-12T04:14:08Z,,,,,USDC,2.031295575,2.031295575
2d7630dd-41cb-5cf0-82d0-dbf9f44161d6,Advanced trade trade,2023-06-12T04:14:08Z,APE,0.87,2.03216775,Coinbase,,,
b1427c98-ee2b-5313-9e24-1edfee6e861a,Converted from,2023-06-12T04:14:11Z,,,,,USDC,2.031295575,2.031295575
db09d98e-0856-5bbe-a411-5cb039ce260b,Advanced trade trade,2023-06-12T04:14:11Z,APE,0.87,2.03216775,Coinbase,,,
a2594905-2970-52e6-b9b5-4a3ee284ef34,Converted from,2023-06-12T04:14:12Z,,,,,USDC,271.096240475,271.096240475
94611293-c596-51e2-b3d9-54e0e26eda6e,Advanced trade trade,2023-06-12T04:14:12Z,APE,116.11,271.21264075,Coinbase,,,
5499cb13-16b6-5df8-a214-45a2660d7437,Converted from,2023-06-12T04:15:01Z,,,,,USDC,14.436,14.436
a54a657d-407c-5b76-885c-594b12523aa4,Advanced trade trade,2023-06-12T04:15:01Z,NCT,2000,14.4761,Coinbase,,,
e5489b4e-59d4-587d-be12-987fb92e8729,Converted from,2023-06-12T04:17:40Z,,,,,USDC,499.241180475,499.241180475
6d812ea4-a97b-51be-8eb6-8c8e34fc0689,Advanced trade trade,2023-06-12T04:17:40Z,TONE,51713,504.1661973125,Coinbase,,,
69fa0596-b859-5af0-a817-6314d926d1f3,Converted from,2023-06-12T04:18:14Z,,,,,USDC,499.21382225,499.21382225
248e6176-0f22-5fa9-adb8-0e541cebf5db,Advanced trade trade,2023-06-12T04:18:14Z,MASK,138.71,501.99495775,Coinbase,,,
46b2c7fa-a849-5d17-9a49-acbcab833691,Converted from,2023-06-12T04:18:19Z,,,,,USDC,369.85396108,369.85396108
7e58c58e-8d75-582c-a9bb-1d796fb4248f,Advanced trade trade,2023-06-12T04:18:19Z,VGX,3520.34,370.206875165,Coinbase,,,
b6f83603-0580-55bb-93c6-4bf9aa1db21e,Converted from,2023-06-12T04:19:06Z,,,,,USDC,499.244969925,499.244969925
0edb7bfd-d8ed-530d-ab5a-cfc3439b14bd,Advanced trade trade,2023-06-12T04:19:06Z,CTX,425.641,499.244969925,Coinbase,,,
9c41f4e6-5206-59c3-b515-b13338c50e39,Sell,2023-06-12T06:19:34Z,,,,,AVT,314.98,301.624848
3f72e888-e490-50f8-a025-57bb2ffdf53e,Converted from,2023-06-12T08:29:40Z,,,,,USDC,59.736168,59.736168
6b2e3290-fa72-5cc5-a0b9-f1e04cd0ff62,Advanced trade trade,2023-06-12T08:29:40Z,NCT,8276,61.395506,Coinbase,,,
3de829e5-32e7-5970-b54c-8b583b3dabe9,Converted from,2023-06-12T13:38:36Z,,,,,USDC,425.06802,425.06802
ac9021c0-edf1-592b-8fab-88fdba0630ae,Advanced trade trade,2023-06-12T13:38:36Z,NCT,58890,427.724695125,Coinbase,,,
05d9f565-fe96-5355-ba22-651364578c67,Buy,2023-06-13T02:53:19Z,USDC,301.62,301.62,Coinbase,,,
aa3c0e73-58c4-5346-b127-59b19bbc1fca,Converted from,2023-06-13T02:56:02Z,,,,,USDC,286.9323821,286.9323821
a2266ddd-ca0c-505b-873d-7997b64b36bf,Converted from,2023-06-13T02:56:02Z,,,,,USDC,64.2408817,64.2408817
4f6ef2a3-345a-525c-af0a-485973fb721d,Advanced trade trade,2023-06-13T02:56:02Z,DESO,29.939,287.9828667625,Coinbase,,,
83c9a213-c5c8-5013-ba3b-9f3165c67f09,Advanced trade trade,2023-06-13T02:56:02Z,DESO,6.703,64.4760732125,Coinbase,,,
48cc099a-ae88-55c2-850c-6560154149dd,Rewards,2023-06-13T20:21:30Z,DOT,0.056840223,0.261180824685,Coinbase,,,
4633298b-d62c-5075-b9e4-11acdd18bb43,Rewards,2023-06-14T15:30:38Z,XTZ,0.429918,0.325232967,Coinbase,,,
d3e1f66d-73b6-5d5a-9c87-edce2cd9d1c5,Rewards,2023-06-14T20:18:54Z,DOT,0.0587494384,0.2716867778808,Coinbase,,,
f8b7ff0f-045e-5b92-af06-fc169613956e,Rewards,2023-06-14T21:23:02Z,XTZ,0.423645,0.3035416425,Coinbase,,,
111aa63b-983b-514d-bba2-03e89c173ee3,Rewards,2023-06-14T21:36:45Z,XTZ,0.430192,0.30758728,Coinbase,,,
aae59408-f080-5f77-bbf6-b6e8ad03c561,Rewards,2023-06-14T23:34:56Z,XTZ,0.430982,0.312892932,Coinbase,,,
d08a9d54-ea2a-5b57-b1a0-37d70721c1fe,Rewards,2023-06-14T23:57:37Z,XTZ,0.431451,0.313233426,Coinbase,,,
99e98b35-2ae9-5535-b2aa-70915c404a73,Rewards,2023-06-15T02:55:03Z,XTZ,0.428806,0.320746888,Coinbase,,,
10deb815-62ae-5d25-b42f-e7518dabac30,Rewards,2023-06-15T04:23:24Z,SOL,0.018558644,0.2751318973,Coinbase,,,
1a0cab91-01c0-5e39-85e2-fdf92fbab268,Rewards,2023-06-15T07:39:53Z,SOL,0.018694952,0.27612444104,Coinbase,,,
63d6fe59-7f30-56e5-afc4-45205b492251,Rewards,2023-06-15T17:25:50Z,ETH2,0.001145687651,1.87573127909371,Coinbase,,,
31d2582c-7c64-54cd-b46b-126bbc2d6982,Rewards,2023-06-15T21:47:58Z,DOT,0.1146267848,0.507796656664,Coinbase,,,
ef763466-a7a7-5465-acee-d0a32c373a77,Sell,2023-06-16T03:49:39Z,,,,,APE,18.96,39.4705962
b640af96-4b2b-5e14-b98a-39368c1c8a8a,Sell,2023-06-16T03:49:42Z,,,,,APE,19.46,40.51148745
50032f2e-523c-5319-8402-5116ddb5efa6,Sell,2023-06-16T03:51:54Z,,,,,APE,23.72,49.3798809
cbf9697c-5444-5039-a656-300712378ed1,Sell,2023-06-16T03:52:01Z,,,,,APE,0.39,0.811895175
d69e4966-26d8-58b6-9c59-215917a57b01,Sell,2023-06-16T03:52:04Z,,,,,APE,65.76,136.8980172
a35dbae2-b87c-58a3-a4a7-9fe3bac56052,Buy,2023-06-16T05:48:33Z,XCN,233342.1,266.675018985,Coinbase,,,
2f961cb7-5014-50af-a25e-321415ddf159,Rewards,2023-06-16T16:41:58Z,ETH2,0.001120264578,1.87769786447736,Coinbase,,,
ffd4e1b1-6570-5106-aba3-e9f347f04cca,Rewards,2023-06-16T19:45:12Z,ATOM,0.24187,2.130511895,Coinbase,,,
5ef02a83-6efc-55f1-b24b-a97f59e9a24d,Rewards,2023-06-16T21:09:16Z,DOT,0.0418746657,0.1845416517399,Coinbase,,,
944b230e-00b8-5b96-8362-831f95568e10,Rewards,2023-06-17T17:25:52Z,SOL,0.01839951,0.28951628985,Coinbase,,,
cf652887-986d-5cdb-a482-0dde5485b512,Rewards,2023-06-17T18:51:58Z,SOL,0.018074849,0.284588497505,Coinbase,,,
e41ae3f6-6dee-50d5-aff2-93e15083cb5b,Rewards,2023-06-17T22:16:39Z,DOT,0.0066791589,0.03027996687315,Coinbase,,,
1cd05ce1-2203-5fd5-9f32-11bf92a019fc,Rewards,2023-06-18T20:22:06Z,DOT,0.0672521328,0.3078130118256,Coinbase,,,
1fd568d9-b997-5708-ac33-00a877869a97,Rewards,2023-06-19T17:18:06Z,ETH2,0.001074401973,1.854433921427595,Coinbase,,,
1d789c85-01e6-5175-9f6f-1f32ce264050,Rewards,2023-06-19T20:19:17Z,DOT,0.066693948,0.30095644035,Coinbase,,,
c358c0f6-b819-5ab6-9bef-51cc1a4ed958,Rewards,2023-06-20T14:59:37Z,XTZ,0.385484,0.27465735,Coinbase,,,
167c5dfd-1b5b-528d-8897-cc5d886985e0,Rewards,2023-06-20T20:44:56Z,DOT,0.1006629492,0.46808271378,Coinbase,,,
2e58ee01-248e-5745-bda6-2d9d3887a511,Rewards,2023-06-21T02:50:50Z,SOL,0.018582615,0.313209975825,Coinbase,,,
c3daa553-b5d8-5718-baf6-b98818a6fd62,Rewards,2023-06-21T05:07:10Z,SOL,0.018368158,0.30830953203,Coinbase,,,
2a3ae467-5ed0-5f58-a425-e60001021f47,Rewards,2023-06-21T05:22:22Z,SOL,0.018147553,0.30560479252,Coinbase,,,
703e72d8-3aa9-5516-b2ba-523397ee2444,Rewards,2023-06-21T16:17:29Z,SOL,0.018627162,0.31880387763,Coinbase,,,
9ba52fbc-5836-5dc8-8dfb-cb84dd4a7290,Rewards,2023-06-21T23:06:38Z,SOL,0.018079581,0.312686353395,Coinbase,,,
ae96ea95-4ad6-5c02-abde-4c8f3edab2a6,Rewards,2023-06-22T00:07:28Z,SOL,0.018354542,0.31707471305,Coinbase,,,
1785ba93-d729-5285-a0b0-79bc63c17a4b,Rewards,2023-06-22T13:37:06Z,ADA,0.882076,0.2601683162,Coinbase,,,
33af51b9-13f0-5302-b9a3-24ec189f9928,Rewards,2023-06-22T14:28:57Z,ADA,0.933713,0.27399807985,Coinbase,,,
499c2c11-591d-5a73-a453-10b1cc07d172,Rewards,2023-06-22T16:16:43Z,DOT,0.0373957335,0.180023061069,Coinbase,,,
356451fe-32cf-55b2-bfc2-f0055d2ea2e3,Rewards,2023-06-22T20:43:14Z,DOT,0.0030682944,0.0148689546624,Coinbase,,,
e7b6880f-cbe6-5d0d-afe5-0044443c0bba,Rewards,2023-06-23T01:18:40Z,SOL,0.018334187,0.304989200745,Coinbase,,,
198d3c2b-2922-594f-a985-522ecb1fbae6,Rewards,2023-06-23T02:38:10Z,SOL,0.018463782,0.30788356485,Coinbase,,,
b559da05-c976-5847-a4ab-c8fc36a0157e,Rewards,2023-06-23T02:38:19Z,DOT,0.0473926104,0.230683531122,Coinbase,,,
b1160c16-ab73-5905-b5dd-8495438f0677,Rewards,2023-06-23T03:36:40Z,SOL,0.018570373,0.311146599615,Coinbase,,,
e2c75fa9-2d0f-5bd7-bf15-4024859e35ee,Rewards,2023-06-23T16:47:14Z,ETH2,0.00117571716,2.2411285360488,Coinbase,,,
1cd55fac-dbae-5e66-9d74-d29219ae7cbf,Rewards,2023-06-23T20:01:21Z,ATOM,0.250811,2.3484687985,Coinbase,,,
bf6c896d-6b73-5c1c-961b-78a4a106e04f,Rewards,2023-06-23T23:07:54Z,SOL,0.01796296,0.3068971716,Coinbase,,,
9ea3f2bb-381f-5096-8152-275ab33c5bab,Rewards,2023-06-24T02:06:46Z,SOL,0.017986105,0.311609269125,Coinbase,,,
c88220b7-1521-5b24-8e50-237d47d00db7,Rewards,2023-06-24T02:42:30Z,SOL,0.017890982,0.31264491045,Coinbase,,,
3e103303-331e-50e0-9ed5-994996f8a8a9,Rewards,2023-06-24T06:53:20Z,XTZ,0.43762,0.35381577,Coinbase,,,
600d3d8d-cda8-52db-a339-8b63c6a6b202,Rewards,2023-06-24T21:14:48Z,SOL,0.010147664,0.1671827644,Coinbase,,,
0912da7d-8661-5533-9e88-10ec7cea159d,Rewards,2023-06-25T17:05:07Z,ETH2,0.001130961217,2.140689046343685,Coinbase,,,
0fdae9f9-204d-532b-b912-fad9c5754f08,Rewards,2023-06-25T20:31:58Z,DOT,0.0751789067,0.38871253709235,Coinbase,,,
ec46558b-814c-51e4-9be8-e74bcff8bdfb,Rewards,2023-06-27T03:40:15Z,DOT,0.1074111763,0.5474747656011,Coinbase,,,
279eda7d-2854-5f0b-8a32-e48b14b76625,Rewards,2023-06-27T04:47:14Z,XTZ,0.429963,0.347410104,Coinbase,,,
496b2937-6e27-520d-997c-b8a6cc155061,Rewards,2023-06-27T05:28:20Z,SOL,0.018511422,0.30516079167,Coinbase,,,
045a914b-e282-598a-841c-a9198d7d9be6,Rewards,2023-06-27T09:02:01Z,SOL,0.017808304,0.2951726388,Coinbase,,,
38dae700-e3e6-5fd8-9f63-905de4e539f3,Rewards,2023-06-27T18:35:24Z,ADA,0.91009,0.2584200555,Coinbase,,,
a5b8d12c-7b8d-5765-bdff-3418c5c9e056,Rewards,2023-06-27T19:02:47Z,SOL,0.008467401,0.14123624868,Coinbase,,,
54756396-9244-54c0-ab28-300729a1c753,Rewards,2023-06-27T21:32:43Z,DOT,0.0563806307,0.2876539778314,Coinbase,,,
af6925c2-74ec-5e44-9b1f-ed2d88926cd1,Rewards,2023-06-28T18:09:31Z,SOL,0.017169659,0.27763338603,Coinbase,,,
fa3e3184-2160-5880-87ef-d17d3e3ea3bc,Rewards,2023-06-28T21:26:26Z,SOL,0.01780382,0.2856622919,Coinbase,,,
21a06a5f-bdcf-5198-8cf6-94029037fedf,Rewards,2023-06-29T01:30:06Z,DOT,0.004747065,0.0234338863725,Coinbase,,,
471c4e47-260b-597d-b9b4-c404933c8d12,Rewards,2023-06-29T03:12:57Z,ETH2,0.001119742482,2.05445311756191,Coinbase,,,
ab7689ee-1b05-50e9-b056-355315d04543,Rewards,2023-06-29T11:17:26Z,SOL,0.018522066,0.3371016012,Coinbase,,,
2e0269c4-d445-51a9-8873-cf67169dcfbf,Rewards,2023-06-29T15:36:49Z,SOL,0.018035175,0.31615661775,Coinbase,,,
53ae36b5-d2d2-5077-9c04-11a64588b57a,Rewards,2023-06-29T20:20:14Z,XTZ,0.448387,0.3454821835,Coinbase,,,
8c378c37-13c4-59dd-b16f-ab0439227ab3,Rewards,2023-06-29T20:35:55Z,DOT,0.0586156557,0.2893854921909,Coinbase,,,
d56cc315-d36b-50f9-bd90-96680c41efc9,Rewards,2023-06-30T01:30:24Z,SOL,0.018501016,0.33755103692,Coinbase,,,
41c12d5c-a854-5363-b9b6-de1bafb4ea3c,Rewards,2023-06-30T20:19:56Z,DOT,0.0575046467,0.29439503878065,Coinbase,,,
3f05b411-4747-5e2e-a7b8-f7d20c8cf5d3,Rewards,2023-07-01T14:55:37Z,ATOM,0.249301,2.3512823815,Coinbase,,,
3c4dbeb5-46ea-5788-823b-05392ee686f6,Rewards,2023-07-01T20:23:05Z,DOT,0.1034522521,0.55155568207115,Coinbase,,,
ef11ee2c-2913-52e5-b2b7-4d6994de4b72,Rewards,2023-07-01T23:50:11Z,ADA,0.901291,0.2634473593,Coinbase,,,
62d8e502-59fb-5285-ac2f-a89f7add7e29,Rewards,2023-07-02T20:18:08Z,DOT,0.0554602044,0.2990136920226,Coinbase,,,
f872c71c-0bc7-51ab-931a-c75753648283,Sell,2023-07-03T15:31:38Z,,,,,CTX,0.096,0.1072512
436d504f-b6fc-5cc6-ae8b-cf0e8b683783,Sell,2023-07-03T15:36:48Z,,,,,DESO,36.642,329.31905895
a8407ce8-08f9-5ecd-8a30-8b3003948235,Buy,2023-07-03T15:51:38Z,USDC,1000,1000,Coinbase,,,
c7670453-a064-561c-b827-3a8b386bad06,Sell,2023-07-03T15:52:34Z,,,,,CTX,0.884,0.9876048
6e317233-723c-59f2-bcf7-46ae93cdaa07,Sell,2023-07-03T16:09:01Z,,,,,CTX,2.026,2.2634472
45846928-1bda-5d7e-99f8-fc1768b052c3,Sell,2023-07-03T16:31:37Z,,,,,CTX,39.794,44.4578568
33e4d92c-fd4e-5cca-9b6b-46cd3e35700d,Sell,2023-07-03T16:39:59Z,,,,,CTX,382.841,427.7099652
1482ec5b-507e-59ac-b019-36917907f851,Converted from,2023-07-03T17:06:07Z,,,,,USDC,998.9919134946,998.9919134946
4f03ebd5-0458-5b19-a6d4-4f77b6e4968c,Advanced trade trade,2023-07-03T17:06:07Z,BTC,0.03217736,999.021429384711,Coinbase,,,
c54b899b-3dda-57d0-919d-e6d9c09d8dd3,Buy,2023-07-03T17:09:22Z,BCH,2.81785904,804.024087564712,Coinbase,,,
b1ebf7fa-ef0c-5824-a513-18efba39fe99,Rewards,2023-07-03T20:32:05Z,DOT,0.0170562678,0.0925643653506,Coinbase,,,
c0172632-974d-5476-8869-b51bc6fc0f24,Rewards,2023-07-03T20:35:53Z,DOT,0.0391164836,0.212500297157,Coinbase,,,
09ad9904-f1af-5f6c-a1bc-8c3096a1a068,Rewards,2023-07-04T01:51:42Z,SOL,0.018571799,0.35806428472,Coinbase,,,
3b53b6d9-eef7-504a-9a72-394845d82e5c,Rewards,2023-07-04T04:24:00Z,XTZ,0.437742,0.370767474,Coinbase,,,
244ab09d-eddd-5334-8aee-6cda02fa59f0,Rewards,2023-07-04T08:07:21Z,ETH2,0.001299468499,2.535815315661075,Coinbase,,,
4b9502e9-0d1b-50c3-b773-afd50095efaf,Rewards,2023-07-04T10:09:46Z,ETH2,0.00124610877,2.4376504369617,Coinbase,,,
50274450-e331-5e7c-bd6c-0cce948cc795,Rewards,2023-07-04T15:06:24Z,USDC,1.83938,1.83938,Coinbase,,,
93227b8d-7965-55e4-831b-f4760d88007a,Rewards,2023-07-04T20:31:13Z,DOT,0.0542500535,0.28993941093075,Coinbase,,,
fbaabd34-f536-5425-ba5d-b0f61da7c19e,Rewards,2023-07-04T20:36:27Z,DOT,0.0088080074,0.0470832035567,Coinbase,,,
2d7317f8-7ace-5c81-a4b9-e345d8a0bfec,Rewards,2023-07-05T20:23:30Z,DOT,0.0641899152,0.3332098498032,Coinbase,,,
f1c912c7-7cc6-58c5-ace8-cb0653675013,Rewards,2023-07-06T16:25:01Z,XTZ,0.44421,0.351148005,Coinbase,,,
cb9770a8-da22-51a6-a519-29c6bd797879,Rewards,2023-07-06T19:36:39Z,SOL,0.018541676,0.38511061052,Coinbase,,,
8b6c7920-f917-581c-8419-1dec2cf57ccb,Rewards,2023-07-06T23:42:21Z,SOL,0.018584617,0.37057726298,Coinbase,,,
4673c51e-756b-5176-b456-16c7a1056be9,Rewards,2023-07-07T04:49:32Z,ADA,0.95328,0.266346432,Coinbase,,,
8cc28c36-dd64-576d-b218-9120aa276433,Rewards,2023-07-07T18:33:13Z,ETH2,0.001109618404,2.06842857071236,Coinbase,,,
1832515b-c0a2-5826-bad6-6f6777ce5ff8,Converted from,2023-07-07T19:25:26Z,,,,,MASK,138.71,458.674090875
62fc0095-52f5-54eb-b70c-252f09d1e4ec,Advanced trade trade,2023-07-07T19:25:26Z,USDC,461.9043,461.9043,Coinbase,,,
0d3b082c-4473-5cd5-875f-d76fbe2e6d17,Converted from,2023-07-07T19:45:49Z,,,,,USDC,464.587409363175,464.587409363175
601b0f26-3c65-59fa-bea7-d556d0715078,Advanced trade trade,2023-07-07T19:45:49Z,BCH,1.65675975,466.9375851970406,Coinbase,,,
28797cdd-8027-5068-bec2-42b767a7c583,Rewards,2023-07-07T20:30:47Z,DOT,0.0800839683,0.4074672307104,Coinbase,,,
6f821782-8ce5-53e5-b82d-42877849c30e,Rewards,2023-07-08T14:11:33Z,ATOM,0.355224,3.275875728,Coinbase,,,
c81d55a2-4975-569b-89b8-34f65d4b6be9,Rewards,2023-07-08T20:23:53Z,DOT,0.123861559,0.6282877580275,Coinbase,,,
92b9ca41-fd17-5134-aa79-73d68faf8fbb,Rewards,2023-07-09T20:32:33Z,DOT,0.0485682157,0.2463379900304,Coinbase,,,
c631f52d-b533-5f1d-8ce8-f0241b4f95ab,Rewards,2023-07-09T23:28:34Z,XTZ,0.43469,0.352316245,Coinbase,,,
19e35153-7de8-506a-92ef-6d4e15a0d4a6,Rewards,2023-07-10T20:24:24Z,ETH2,0.001109057673,2.10228536263188,Coinbase,,,
39b047a8-4357-5641-a617-493b0d8402c7,Rewards,2023-07-10T20:29:20Z,DOT,0.0743821983,0.3866386667634,Coinbase,,,
44419f1e-0e3a-5c93-a5a0-a173b2204926,Rewards,2023-07-11T01:36:06Z,XTZ,0.450402,0.367978434,Coinbase,,,
ebf96f39-7823-51f5-ad8f-a32e5b4cc99a,Rewards,2023-07-11T20:21:11Z,SOL,0.01687,0.37156175,Coinbase,,,
03a65b38-19a5-5581-bd5c-c79b6b6005cd,Rewards,2023-07-11T22:53:06Z,DOT,0.0687868536,0.3576228518664,Coinbase,,,
9ae1d61d-5216-5fbf-bc3a-eee81afab343,Rewards,2023-07-12T02:56:57Z,SOL,0.016853943,0.370786746,Coinbase,,,
5600bb78-2012-5e92-b8c1-fb1fe6510b87,Rewards,2023-07-12T22:18:06Z,SOL,0.017306344,0.3803069094,Coinbase,,,
0819b9ce-5401-5789-8c93-2474df2b8534,Rewards,2023-07-12T22:42:33Z,SOL,0.016469356,0.36207879166,Coinbase,,,
8d346111-7f06-55a4-a476-352ff49f9f3e,Rewards,2023-07-13T04:31:11Z,SOL,0.016498284,0.35454812316,Coinbase,,,
f8f5e5f4-6665-52fa-bb18-3161824a4b4d,Converted from,2023-07-13T08:03:42Z,,,,,SWFTC,118205,154.1077001625
9d3d7d36-e17f-59b6-831f-dbc3400ec3db,Advanced trade trade,2023-07-13T08:03:42Z,USDC,154.84855,154.84855,Coinbase,,,
283dda8c-eaf8-5331-b585-57809b42831f,Converted from,2023-07-13T08:04:49Z,,,,,SWFTC,83232,108.59528736
af94628f-c400-5fa9-a95d-25f394f0abcd,Advanced trade trade,2023-07-13T08:04:49Z,USDC,109.03392,109.03392,Coinbase,,,
4edb2088-3c0a-5452-8097-f212d71b251c,Converted from,2023-07-13T08:22:13Z,,,,,SWFTC,31935,41.6984077125
9a2432b0-c0cb-5bab-9c64-fbe2f9c7f9cb,Advanced trade trade,2023-07-13T08:22:13Z,USDC,41.83485,41.83485,Coinbase,,,
10e6c5a4-4ae4-5223-b3c1-52d04b7bd0f8,Converted from,2023-07-13T08:37:23Z,,,,,SWFTC,116592,152.29553094
b49f160a-8038-5129-8d88-7d78824c31c7,Advanced trade trade,2023-07-13T08:37:23Z,USDC,152.73552,152.73552,Coinbase,,,
3857cfca-8f89-5448-a598-6c7fa6f654cb,Converted from,2023-07-13T16:44:02Z,,,,,USDC,459.15,459.15
a3c32d7d-b83a-5c1e-88f0-90746ad7f9b5,Converted to,2023-07-13T16:44:02Z,BCH,1.58586482,459.15,Coinbase,,,
3efed933-f6ad-5f1c-8c2d-618cf43bc149,Rewards,2023-07-13T20:03:13Z,ETH2,0.001133550151,2.267321344279445,Coinbase,,,
eb9303b8-08c8-5e0b-8108-c52ea504b2ae,Rewards,2023-07-13T20:51:27Z,DOT,0.0072340628,0.0396643663324,Coinbase,,,
e0bce739-ad1f-5be4-9947-35c39180baa6,Rewards,2023-07-13T21:00:38Z,DOT,0.0495515628,0.2709727211718,Coinbase,,,
2c60e249-7499-5bde-a5d6-97e6abd5428d,Rewards,2023-07-14T04:36:12Z,SOL,0.018425834,0.52817653161,Coinbase,,,
50f24142-981c-553e-a243-fdc3d61d7e79,Rewards,2023-07-14T04:40:14Z,SOL,0.018481914,0.53163225621,Coinbase,,,
5c398a08-288f-53cb-be05-83a120cb5fd5,Rewards,2023-07-14T20:26:33Z,DOT,0.0507977192,0.2715392079836,Coinbase,,,
2d3da2e5-bd06-5e35-9132-1cc1f20b80c9,Rewards,2023-07-15T10:16:15Z,SOL,0.009019645,0.260081463575,Coinbase,,,
9dc12498-ee52-53e9-b141-cb6d5a3bb359,Rewards,2023-07-15T12:54:04Z,XTZ,0.444999,0.398274105,Coinbase,,,
428fb8c9-3567-5f23-b5c9-63f62f94694d,Rewards,2023-07-15T17:09:01Z,ATOM,0.27513,2.67261282,Coinbase,,,
0d82aa12-d278-558a-8040-9ec8c02625aa,Rewards,2023-07-15T18:14:32Z,ATOM,0.005705,0.055538175,Coinbase,,,
608d3bb5-e05e-5cb1-b2b7-8bf2c4a5df12,Rewards,2023-07-15T20:23:44Z,DOT,0.0765696587,0.41665379781605,Coinbase,,,
fca73006-3783-5dd0-b60c-ec716aad49a8,Rewards,2023-07-15T22:49:32Z,SOL,0.004319681,0.118121676945,Coinbase,,,
aa1e487a-6d50-596c-a4ba-792dfa6bc353,Buy,2023-07-16T00:53:19Z,USDC,501.22,501.22,Coinbase,,,
cd5cfbb6-ae8b-5185-b1d6-e44ffc22100a,Converted from,2023-07-16T01:02:14Z,,,,,BCH,2.55,653.5850685
844d5102-0f5c-51c4-b0e2-87efbf29b72c,Converted from,2023-07-16T01:02:14Z,,,,,BCH,0.32971546,84.5086672586702
f9cecc3b-1ebd-504c-b4a6-79a3b7bb80a3,Advanced trade trade,2023-07-16T01:02:14Z,USDC,657.492,657.492,Coinbase,,,
1950a4ba-dacf-525a-9ef0-5a02611930b5,Converted from,2023-07-16T01:02:14Z,,,,,BCH,0.4411,113.057401457
dc340290-2853-54bd-b18a-d85887b87e9a,Advanced trade trade,2023-07-16T01:02:14Z,USDC,85.017131361,85.017131361,Coinbase,,,
1c66c69c-09ec-556f-98df-a5844ce05ab4,Converted from,2023-07-16T01:02:14Z,,,,,BCH,2.55,653.5850685
26b489e4-0e6a-5174-8e7e-e08bb4944554,Advanced trade trade,2023-07-16T01:02:14Z,USDC,113.733224,113.733224,Coinbase,,,
bac3ac49-f35e-53c9-af8c-488988f30a4d,Advanced trade trade,2023-07-16T01:02:14Z,USDC,657.594,657.594,Coinbase,,,
622be37b-b3ac-5b7d-be77-439614e00a97,Converted from,2023-07-16T01:02:15Z,,,,,BCH,0.18966,48.7053821556
b338663c-7959-5450-9fa3-876e0820f6f4,Advanced trade trade,2023-07-16T01:02:15Z,USDC,48.9019344,48.9019344,Coinbase,,,
14b8b80a-2515-5858-9984-33976696fc71,Converted from,2023-07-16T01:02:21Z,,,,,BCH,0.00000854,0.0021931032564
34831739-818d-5b2e-b54b-74826b2bf301,Advanced trade trade,2023-07-16T01:02:21Z,USDC,0.0022019536,0.0022019536,Coinbase,,,
cb28cc1c-9a35-5496-94f6-49ea7653ba38,Send,2023-07-16T01:06:06Z,,,,,USDC,500.07976,500.07976
4688e603-14f4-5d3e-a591-d3febb3e3248,Converted from,2023-07-16T01:07:54Z,,,,,USDC,26.2546,26.2546
82a79ea7-09ba-5c3c-986f-9f02e1eef41b,Advanced trade trade,2023-07-16T01:07:54Z,AUCTION,5,26.2546,Coinbase,,,
8711c63f-9a53-5376-bbe4-64b7dc70cb5b,Converted from,2023-07-16T01:07:54Z,,,,,USDC,36.75644,36.75644
43cbb79d-5adc-50e4-97b5-674f269445e8,Advanced trade trade,2023-07-16T01:07:54Z,AUCTION,7,36.75644,Coinbase,,,
ced3e9f9-54ec-5532-9757-8ef9e6e84991,Converted from,2023-07-16T01:07:55Z,,,,,USDC,21.00368,21.00368
29d725cc-05e4-5aa8-bec6-c65b3e608596,Advanced trade trade,2023-07-16T01:07:55Z,AUCTION,4,21.00368,Coinbase,,,
a3504662-3621-5a34-8ab1-5539db0d1f3e,Converted from,2023-07-16T01:07:55Z,,,,,USDC,21.00368,21.00368
11ee6ee5-3494-5800-b802-6a2d206284e2,Advanced trade trade,2023-07-16T01:07:55Z,AUCTION,4,21.00368,Coinbase,,,
30c67cdd-b419-5ad6-98a1-7fc4fdf8f5db,Converted from,2023-07-16T01:07:55Z,,,,,USDC,136.52392,136.52392
e8d88be2-55a1-5c48-a864-c2d8ad94e61e,Advanced trade trade,2023-07-16T01:07:55Z,AUCTION,26,136.52392,Coinbase,,,
3125b2a4-0c0b-5d96-b95b-06176fe9eb4e,Converted from,2023-07-16T01:07:55Z,,,,,USDC,136.52392,136.52392
dc013712-dee0-5b7b-97b2-f6943f48857f,Advanced trade trade,2023-07-16T01:07:55Z,AUCTION,26,136.52392,Coinbase,,,
fb721c96-c418-5d82-8c73-f5c05477b6f6,Converted from,2023-07-16T01:07:56Z,,,,,USDC,26.2546,26.2546
d6fb5ced-e579-5b40-a2ab-7041b55caf08,Advanced trade trade,2023-07-16T01:07:56Z,AUCTION,5,26.2546,Coinbase,,,
35e12a18-18d2-55ca-967b-1c482201bf99,Converted from,2023-07-16T01:07:57Z,,,,,USDC,26.2546,26.2546
9e678561-cb1a-507e-8bac-c685a0291569,Advanced trade trade,2023-07-16T01:07:57Z,AUCTION,5,26.3299,Coinbase,,,
9014af78-bd04-545e-852d-6ac7a37f6f7f,Converted from,2023-07-16T01:07:57Z,,,,,USDC,26.2546,26.2546
65f372d0-6980-5244-8b2e-cf67460a1dca,Advanced trade trade,2023-07-16T01:07:57Z,AUCTION,5,26.3299,Coinbase,,,
4bc78323-d72d-598d-b296-e60e63f2a04d,Converted from,2023-07-16T01:07:58Z,,,,,USDC,26.2546,26.2546
75206bc8-2e8c-5649-b85c-d3cb40a8d8db,Advanced trade trade,2023-07-16T01:07:58Z,AUCTION,5,26.3299,Coinbase,,,
1f76127f-9b1e-5ae7-804f-0ef265f4d967,Converted from,2023-07-16T01:07:58Z,,,,,USDC,2.45743056,2.45743056
b3f8dbec-5b27-5601-94cc-738919ceb201,Advanced trade trade,2023-07-16T01:07:58Z,AUCTION,0.468,2.46447864,Coinbase,,,
699c96d6-fb39-5890-877b-77c4de7661b3,Converted from,2023-07-16T01:09:02Z,,,,,USDC,578.02993812,578.02993812
5ce08bf1-4e1b-59ec-a49f-8f4a0238c996,Advanced trade trade,2023-07-16T01:09:02Z,COMP,7.659,578.87579808,Coinbase,,,
921119aa-e372-55b6-9e7f-31262956c51d,Converted from,2023-07-16T01:09:19Z,,,,,USDC,75.2920766219568,75.2920766219568
fb847251-87dd-52b5-b3fd-e3ace5d9ec47,Advanced trade trade,2023-07-16T01:09:19Z,LTC,0.78922446,75.296038528746,Coinbase,,,
272547ca-dfa9-551e-bb0c-f145341cf3d3,Converted from,2023-07-16T01:09:41Z,,,,,USDC,146.5397737004032,146.5397737004032
a534b1f4-92ab-52e8-b63a-dd2c72f07621,Advanced trade trade,2023-07-16T01:09:41Z,LTC,1.53605504,146.5551956930048,Coinbase,,,
25209b28-ad8b-5500-926e-6b47bf95bfa8,Converted from,2023-07-16T01:10:15Z,,,,,USDC,276.2978900941496,276.2978900941496
dd5772f9-2f7f-53a2-a0e2-3f99c8d3edfa,Advanced trade trade,2023-07-16T01:10:15Z,LTC,2.89620187,276.312429027537,Coinbase,,,
37a6291a-4672-5c03-be4d-f56372374129,Rewards,2023-07-16T13:59:33Z,XTZ,0.446383,0.3885764015,Coinbase,,,
9b62cec3-34b0-57f1-beb6-cb13f139b18c,Rewards,2023-07-16T18:41:22Z,SOL,0.018488923,0.512605390175,Coinbase,,,
7c662e3a-2a16-577c-8506-439dea3c725f,Rewards,2023-07-16T20:38:19Z,DOT,0.1138736113,0.60893913642675,Coinbase,,,
6cc17dee-3e61-583b-a8a9-2a6f6e79b1ed,Rewards,2023-07-17T17:40:27Z,ETH2,0.001145109966,2.17831978612248,Coinbase,,,
ec14739d-6d99-5e4e-8bc8-eb2f8322c2e3,Rewards,2023-07-17T20:44:21Z,DOT,0.0550293448,0.286702886408,Coinbase,,,
4233a695-7f02-59fa-9cad-2b99793e14ab,Rewards,2023-07-18T20:33:56Z,DOT,0.0577425356,0.2965656628416,Coinbase,,,
18ea6abd-664c-5483-900b-bca36b731c2b,Rewards,2023-07-18T20:43:37Z,DOT,0.0162007285,0.08352285578175,Coinbase,,,
d3945733-fa3e-5a1f-ab28-621ba5317685,Converted from,2023-07-19T03:56:39Z,,,,,AUCTION,1.03,4.847283
7a1befa3-5af0-5747-b9f8-c4aecb4e0daa,Advanced trade trade,2023-07-19T03:56:39Z,USDC,4.8719,4.8719,Coinbase,,,
c9088c71-cacc-5e8b-acb8-7fa1aae79cf3,Converted from,2023-07-19T04:23:45Z,,,,,AUCTION,0.211,0.99193632
22049b80-21d3-5c1e-afcc-fc35edf2a76f,Advanced trade trade,2023-07-19T04:23:45Z,USDC,0.99803,0.99803,Coinbase,,,
4931528a-9152-54f8-9baa-4341ff6d583a,Converted from,2023-07-19T04:23:51Z,,,,,AUCTION,0.211,0.9929871
f761e06a-45e7-528a-85e3-5ca1856f749d,Advanced trade trade,2023-07-19T04:23:51Z,USDC,0.99803,0.99803,Coinbase,,,
2812af4b-2459-54a9-a247-644b2efd16f9,Converted from,2023-07-19T05:06:08Z,,,,,AUCTION,0.211,0.9929871
d292a01e-8316-501e-b14a-223d3c46d2ea,Advanced trade trade,2023-07-19T05:06:08Z,USDC,0.99803,0.99803,Coinbase,,,
8cd00c9c-7236-57f5-92db-965cb4e96952,Converted from,2023-07-19T05:16:31Z,,,,,AUCTION,0.211,0.9929871
dd77f638-a78a-506b-885d-284c3f56da33,Advanced trade trade,2023-07-19T05:16:31Z,USDC,0.99803,0.99803,Coinbase,,,
35797314-ff2b-509f-acfb-36693a3960e1,Converted from,2023-07-19T05:20:08Z,,,,,AUCTION,3.894,18.3255534
bdedeb42-924a-5eb7-b99d-cda287cdab45,Advanced trade trade,2023-07-19T05:20:08Z,USDC,18.41862,18.41862,Coinbase,,,
8155876b-c031-5ad3-a00f-b470f2bc6ea2,Converted from,2023-07-19T05:51:45Z,,,,,AUCTION,0.211,0.9929871
d5795fb5-fcca-5227-a4e9-a5f92e3a672f,Advanced trade trade,2023-07-19T05:51:45Z,USDC,0.99803,0.99803,Coinbase,,,
fd19e13c-10b9-5c16-9491-8c9f097500ab,Converted from,2023-07-19T05:53:54Z,,,,,AUCTION,0.206,0.9694566
aaf0a8ff-0c7d-51c4-a570-83324d0b4084,Advanced trade trade,2023-07-19T05:53:54Z,USDC,0.97438,0.97438,Coinbase,,,
7c4d0277-8953-5fed-8d3a-64ac252b289b,Converted from,2023-07-19T05:59:43Z,,,,,AUCTION,0.211,0.9929871
654cb60a-4ec9-5889-ad06-807d5891a65f,Advanced trade trade,2023-07-19T05:59:43Z,USDC,0.99803,0.99803,Coinbase,,,
84bfa32a-afcc-58ed-9b24-a423e3321970,Rewards,2023-07-19T16:54:48Z,ETH2,0.001127429099,2.144578720681315,Coinbase,,,
a37b2d9d-8dd1-5661-a199-91d39e0b3db1,Rewards,2023-07-19T22:37:22Z,DOT,0.0586826267,0.3040933715594,Coinbase,,,
841eaab8-6ebb-55b5-8fb3-941d8d8e6100,Rewards,2023-07-20T00:38:18Z,SOL,0.018308218,0.48269616757,Coinbase,,,
7f7e389f-45d7-58de-8076-c8fb176635f2,Rewards,2023-07-20T00:59:31Z,SOL,0.018490793,0.488989020885,Coinbase,,,
aa575adb-72c0-5f41-969c-92e28e28ca28,Rewards,2023-07-20T16:32:02Z,XTZ,0.445949,0.3846310125,Coinbase,,,
607d22fc-2a84-5e8f-891b-53ead338f0a4,Rewards,2023-07-20T18:43:59Z,SOL,0.001107191,0.0282333705,Coinbase,,,
e13d8a95-283b-5171-9c59-e7f853fdafb1,Rewards,2023-07-20T19:11:19Z,SOL,0.001109809,0.028216893825,Coinbase,,,
fc7a0443-f1eb-513e-bf4c-0235619c3dd3,Rewards,2023-07-20T21:25:55Z,DOT,0.0627077634,0.3312851140422,Coinbase,,,
74439c6b-65ba-550a-a96e-0d7d953235a2,Converted from,2023-07-21T01:40:43Z,,,,,AUCTION,32.226,150.37489476
0cea7690-7bb0-5fbd-97b3-a4ae4e0279c5,Advanced trade trade,2023-07-21T01:40:43Z,USDC,152.42898,152.42898,Coinbase,,,
a364edbb-4e08-5e44-9291-75cc2f46af62,Converted from,2023-07-21T01:42:23Z,,,,,AUCTION,53.846,252.60020136
d3a3c4b6-9ba9-5dd6-a6ee-560b90f64640,Advanced trade trade,2023-07-21T01:42:23Z,USDC,254.69158,254.69158,Coinbase,,,
2ff3f5e9-d1d6-5a72-938f-78e00b96b17d,Converted from,2023-07-21T02:11:56Z,,,,,USDC,438.6601998287208,438.6601998287208
4420b6b3-964f-52da-a422-daeab8bf671d,Advanced trade trade,2023-07-21T02:11:56Z,BTC,0.01461159,438.6705422043546,Coinbase,,,
37f7dbde-75bb-5bee-818a-521215081e7d,Rewards,2023-07-21T04:36:04Z,ADA,0.913148,0.2886917402,Coinbase,,,
c74c9629-cc45-54a8-92f8-399fe8f56e15,Rewards,2023-07-21T10:40:25Z,SOL,0.004358452,0.10985478266,Coinbase,,,
1329012c-9d45-5948-97d8-843cf4af93c4,Converted from,2023-07-21T21:46:13Z,,,,,COMP,7.659,541.3133239875
3848ea65-98b7-55a0-9583-9d8af6fc19b0,Advanced trade trade,2023-07-21T21:46:13Z,USDC,543.25287,543.25287,Coinbase,,,
519e6bc2-3764-5f64-8ac8-bcc176f83db1,Converted from,2023-07-21T21:50:06Z,,,,,USDC,543.04860096,543.04860096
cd449d9a-352b-581a-ac6d-1fca9a731e26,Advanced trade trade,2023-07-21T21:50:06Z,CRPT,8742.4,544.36455072,Coinbase,,,
20f79212-223b-52f9-ae9f-222df86691ee,Rewards,2023-07-21T21:53:49Z,ADA,0.920024,0.2875995024,Coinbase,,,
471a5aa8-5bc7-51ae-8190-a74405261303,Rewards,2023-07-22T12:35:43Z,XTZ,0.449468,0.382272534,Coinbase,,,
9fd57d2a-3e4b-535b-b30b-be468fa8e772,Rewards,2023-07-22T13:19:42Z,ATOM,0.009875,0.0925534375,Coinbase,,,
2a74b9c6-c610-54ef-8273-ca551a39fc30,Rewards,2023-07-22T13:58:09Z,ATOM,0.287779,2.7003742465,Coinbase,,,
d7b4f945-0952-5390-b488-9062d685b17b,Rewards,2023-07-22T16:11:07Z,ETH2,0.001114299549,2.105351996382855,Coinbase,,,
c40a4929-6cdd-5bce-8a4a-208200151761,Rewards,2023-07-22T21:10:36Z,DOT,0.1114545849,0.59756375694135,Coinbase,,,
8875ed81-5857-50f1-81f5-1fcf9ba49aa0,Rewards,2023-07-23T20:29:15Z,DOT,0.0560751688,0.306170421648,Coinbase,,,
dab5f4db-655c-59d9-9161-e8df7881d3d8,Rewards,2023-07-24T20:22:34Z,DOT,0.0070431913,0.0366527675252,Coinbase,,,
3b33de62-ad71-56fd-a36a-0f91734526b4,Sell,2023-07-24T20:30:08Z,,,,,LTC,5.221481,461.680452098045
70d4522a-3ff5-5b91-bdd3-5e5d46bdf4cc,Sell,2023-07-24T20:33:01Z,,,,,BTC,0.00062902,18.2608192528965
35ccc206-499d-5b62-8de5-443f8552e699,Sell,2023-07-24T20:48:10Z,,,,,BTC,0.00016738,4.8591394972335
08838e6e-c007-52eb-b665-025027382430,Sell,2023-07-24T20:48:11Z,,,,,BTC,0.00016727,4.85594613276525
55ab72c2-c0bf-5281-b1cc-d4d53c200d0d,Sell,2023-07-24T20:48:12Z,,,,,BTC,0.00170835,49.59440172122625
dacd7b49-a1ec-57c0-b5cb-220605dbf00a,Sell,2023-07-24T20:48:13Z,,,,,BTC,0.00030802,8.9420011228215
3f4fee5f-8a54-5fd0-8bb5-2502db2263a7,Sell,2023-07-24T20:48:14Z,,,,,BTC,0.0006068,17.61575963031
3088aa5e-5564-5894-9a8c-bdd110d9b799,Sell,2023-07-24T20:48:16Z,,,,,BTC,0.04068507,1181.11142660240030000195103
d0d62f70-7090-5290-b0bc-56a50146a577,Sell,2023-07-24T20:48:16Z,,,,,BTC,0.00251704,73.071146374218
7dc9f21e-4c94-5a1e-a05e-33ee36fa1d31,Buy,2023-07-24T21:07:42Z,ETH,0.00326093,6.04796575536625,Coinbase,,,
961349d9-eefb-5b1d-af2f-32dd37aa160d,Buy,2023-07-24T21:07:43Z,ETH,0.01307532,24.250470755415,Coinbase,,,
b2a28975-00ad-51c7-89ce-ccdb2fa63caa,Buy,2023-07-24T21:07:44Z,ETH,0.00545928,10.12519081641,Coinbase,,,
1728c9e2-7a52-5dc2-8d47-9ba71e9e24fd,Buy,2023-07-24T21:07:45Z,ETH,0.24738638,458.8213652497975,Coinbase,,,
19e12311-fc6d-5d4f-8072-811eb48e9b32,Buy,2023-07-24T21:09:28Z,XRP,708.493384,499.244999612634,Coinbase,,,
1d9e69a8-dbee-5636-afb9-fc69a4b26000,Buy,2023-07-24T21:09:48Z,ETC,0.15644002,2.8339383393035,Coinbase,,,
ef3d63b4-8953-56a0-9df3-293cd14c29d3,Buy,2023-07-24T21:10:16Z,ETC,27.40305,496.41104628375,Coinbase,,,
40b9e2ad-8fe4-5db7-941a-8e0698f24310,Buy,2023-07-24T21:10:16Z,ETC,0.00000084,0.000015216747,Coinbase,,,
c2833ca7-f08f-5120-8f12-6cbee453dd20,Rewards,2023-07-24T22:07:26Z,XTZ,0.059263,0.048062293,Coinbase,,,
b7b55cf5-b456-5b32-9c9b-868df4d33c58,Sell,2023-07-25T03:48:57Z,,,,,XCN,22227.1,23.6997565105
670b5284-a27b-5fda-ad2a-75fe3460fd86,Sell,2023-07-25T03:50:16Z,,,,,XCN,814.3,0.8682514465
ebbd890d-44ae-546e-a757-598894409d20,Sell,2023-07-25T03:52:24Z,,,,,XCN,92869.8,99.022888599
cb8a23d5-86bf-559e-b353-d2e393ce4f65,Sell,2023-07-25T03:57:15Z,,,,,XCN,1894.7,2.0202333485
ccf2092f-9709-54c1-b699-1889973653ee,Sell,2023-07-25T04:00:13Z,,,,,XCN,26656,28.42209328
2d0dff64-875d-5a6f-ba2a-12922b4a8222,Sell,2023-07-25T04:08:13Z,,,,,XCN,11102.8,11.838416014
16956a9b-6a02-503b-a4e8-a58bf8239d65,Sell,2023-07-25T04:21:40Z,,,,,XCN,45000,47.981475
950f0b4a-598f-5480-9966-033b305ce071,Sell,2023-07-25T04:34:33Z,,,,,XCN,455.6,0.485785778
ea291de4-9447-57ab-8bf1-729ac5a244a7,Sell,2023-07-25T04:49:17Z,,,,,XCN,9286.3,9.9015638065
fb7104e1-ccc0-5c98-a5d2-8a06e5b1969c,Sell,2023-07-25T05:01:36Z,,,,,XCN,3209.2,3.421825546
7a26c75b-6fca-5707-8d93-4f4ab4b6c1da,Sell,2023-07-25T05:11:35Z,,,,,XCN,19826.3,21.1398915065
6dae38bd-cd98-5e1e-a8b0-8881dd778fea,Sell,2023-07-25T06:41:36Z,,,,,TONE,6866,62.80927542
4ccdd897-d0f1-53d1-8ba2-46e9bcca443d,Sell,2023-07-25T09:13:46Z,,,,,TONE,44847,410.25452589
9ba844f1-9ee0-5763-8276-23cb15c04262,Rewards,2023-07-25T15:28:41Z,ATOM,0.036145,0.325305,Coinbase,,,
0a10a451-7d55-5168-974f-c4f9c80d7517,Rewards,2023-07-25T15:47:15Z,ATOM,0.034869,0.3142568625,Coinbase,,,
16205449-eaa4-5ed7-a071-ed85e4d0c833,Buy,2023-07-25T15:59:46Z,ETC,0.71161338,12.8410634421,Coinbase,,,
606170e9-6d14-5e06-9399-6a42bdace06a,Buy,2023-07-25T15:59:57Z,ETC,0.56111111,10.12524997995,Coinbase,,,
2c13805c-e15f-50f5-bba0-42f592747756,Buy,2023-07-25T16:00:06Z,ETC,34.4921,622.4099445,Coinbase,,,
5c1e9ff0-c9c6-59a1-9c2e-b4bec2936595,Buy,2023-07-25T16:00:06Z,ETC,6.8984,124.481628,Coinbase,,,
07b4f7a3-0a94-52bb-b69a-033247157e4f,Buy,2023-07-25T16:00:06Z,ETC,1.3797,24.8966865,Coinbase,,,
03fb4602-6d1d-5b6a-ac32-84187580e1de,Buy,2023-07-25T16:00:06Z,ETC,0.2759,4.9786155,Coinbase,,,
f88b0ed8-b23c-560e-a97d-a5ef733c2c4f,Buy,2023-07-25T16:00:06Z,ETC,13.4558,242.809911,Coinbase,,,
a4d57a80-3b1a-59ea-acb1-bae9afa80d88,Buy,2023-07-25T16:00:48Z,ETC,0.00001551,0.00027987795,Coinbase,,,
f665fdcd-0412-565a-9f86-b79c0c834b34,Rewards,2023-07-25T21:04:50Z,ETH2,0.001259885839,2.345271189869305,Coinbase,,,
230ed537-4837-5f02-b329-a54e3e6615d0,Rewards,2023-07-26T16:15:07Z,SOL,0.018279168,0.45405453312,Coinbase,,,
229f0cf1-9f5b-546b-ac42-9b07abc38ccf,Rewards,2023-07-26T22:09:14Z,DOT,0.1205729045,0.630837436344,Coinbase,,,
5491a96d-ba24-58b6-a5ea-49e0a4cb9430,Rewards,2023-07-27T00:19:58Z,SOL,0.018657525,0.467837439375,Coinbase,,,
2e183a19-01bf-582c-9fce-67799ca25555,Rewards,2023-07-27T02:12:42Z,ADA,0.93521,0.287764117,Coinbase,,,
08179017-3aad-5c3d-9750-c63432000326,Rewards,2023-07-27T07:16:55Z,ATOM,0.002325,0.0209238375,Coinbase,,,
d2b732f6-ef3b-5cf4-80dc-c75cea23cbf2,Rewards,2023-07-27T07:18:12Z,ATOM,0.00241,0.02169482,Coinbase,,,
a4dc1122-04d0-582a-972c-f6e97ab4594c,Rewards,2023-07-27T13:20:58Z,SOL,0.018649553,0.47146069984,Coinbase,,,
d739e78b-9d22-560c-b87b-6d1f6f2d62c7,Rewards,2023-07-27T20:51:49Z,DOT,0.0905727608,0.4712500744424,Coinbase,,,
f9db803f-2561-5ff6-8b05-dd0cdd14d082,Rewards,2023-07-28T12:21:01Z,XTZ,0.44336,0.36488528,Coinbase,,,
49139da7-b43e-5752-9de8-fb702bfe1d2f,Rewards,2023-07-28T16:44:19Z,ETH2,0.001036569759,1.946465510601405,Coinbase,,,
44bd1939-03f3-59ba-b889-85b0a8a891b4,Rewards,2023-07-28T19:12:18Z,SOL,0.018690744,0.46885731324,Coinbase,,,
2c2e69b9-01fe-5904-921e-8c02f98bd486,Rewards,2023-07-28T22:34:09Z,DOT,0.0427552895,0.2227123030055,Coinbase,,,
e976aa74-d7d2-575e-8155-75ab80d31a23,Rewards,2023-07-29T13:44:09Z,ATOM,0.312122,2.820802575,Coinbase,,,
ff9bbeea-5328-5ff5-a2d7-e66853203ccf,Rewards,2023-07-29T20:49:53Z,DOT,0.0618312156,0.3245520506844,Coinbase,,,
daab60f5-22a5-52b6-81f7-6f81f74ea8a6,Rewards,2023-07-29T21:02:58Z,DOT,0.0127165858,0.0666794176423,Coinbase,,,
2d93b1f1-708a-5594-8170-f37cdd0733a3,Rewards,2023-07-30T20:52:40Z,DOT,0.0165097482,0.0854792213055,Coinbase,,,
2ff116a3-529f-5897-8618-f6ef5e654519,Rewards,2023-07-31T15:30:32Z,ETH2,0.001279769304,2.37916152344772,Coinbase,,,
ba6d44f2-93a8-5623-895e-c2f68826fb9a,Rewards,2023-07-31T20:53:36Z,DOT,0.0563189437,0.2865507855456,Coinbase,,,
093bf8a5-5906-5eb0-b1e1-9ffba5d94bbd,Rewards,2023-08-01T22:00:43Z,SOL,0.018280345,0.430959133375,Coinbase,,,
4cc68303-e575-5383-a1cf-1d3f9520957e,Rewards,2023-08-01T22:54:27Z,DOT,0.0598923408,0.3080263087344,Coinbase,,,
1e8e29f9-a852-5ae6-af16-0f2be3cce19a,Rewards,2023-08-02T07:20:34Z,SOL,0.018777947,0.446445689925,Coinbase,,,
bdb13c55-d172-558b-b72a-f35595c0d955,Rewards,2023-08-02T07:30:10Z,ADA,0.909775,0.27839115,Coinbase,,,
f69e7d98-69c7-585c-bd35-ea14926d1400,Rewards,2023-08-02T10:57:33Z,XTZ,0.449588,0.380351448,Coinbase,,,
cf0ee88f-4193-59a5-b883-7463d8bebf37,Rewards,2023-08-02T17:04:30Z,SOL,0.018741395,0.43311363845,Coinbase,,,
e83122f9-9f4d-5ce2-9508-7ac76f719647,Rewards,2023-08-02T22:32:18Z,DOT,0.1374223359,0.696731243013,Coinbase,,,
5a6392de-ac9d-57e1-894d-1db2214d413c,Rewards,2023-08-03T04:59:55Z,ADA,0.876396,0.2619109446,Coinbase,,,
1a92a9bc-b281-5ae9-a9da-0f348a9bdb11,Rewards,2023-08-03T17:50:31Z,ETH2,0.00240485914,4.443097504107,Coinbase,,,
a450d4f4-cda9-5161-ba92-ce746bde3ff1,Rewards,2023-08-03T21:00:20Z,DOT,0.0564994036,0.2828925138252,Coinbase,,,
6f96ff17-5c07-53fe-9f56-826a7422a693,Rewards,2023-08-04T17:19:05Z,SOL,0.01856539,0.43303772175,Coinbase,,,
3cb03c86-2b2f-5c15-ada4-c56400767f57,Rewards,2023-08-04T21:39:43Z,USDC,0.010591,0.010591,Coinbase,,,
dfddd879-7f6a-5578-bf3b-2e9d68c63949,Sell,2023-08-04T22:44:20Z,,,,,XRP,708.493384,449.687304388602
58b1a525-9488-5e57-95f2-c7e1b7dee404,Buy,2023-08-04T22:47:31Z,ETC,25.166,450.5884219,Coinbase,,,
e26c8675-8e9e-5961-a27f-e8e3e3e9203a,Buy,2023-08-04T22:51:28Z,ETC,0.00000895,0.0001602466175,Coinbase,,,
c0c59fdc-3c64-5db8-a7eb-ffe0fcf5a43a,Rewards,2023-08-04T23:36:14Z,DOT,0.0570799594,0.2844865176496,Coinbase,,,
55f4229a-4cd7-59f9-925b-ce57817af685,Rewards,2023-08-04T23:39:43Z,DOT,0.0083910221,0.0418544182348,Coinbase,,,
693a221c-779d-5b48-90b0-98677b149516,Reward,2023-08-05T20:07:41Z,ACS,540.70129,1.0000000007905,Coinbase,,,
452e6859-9107-53fa-98f7-54df529be8fd,Reward,2023-08-05T20:08:32Z,ACS,1081.344111,2.00000000050005,Coinbase,,,
49a2335b-faeb-5ef9-94f3-cf56b8b0e4e7,Reward,2023-08-05T20:09:25Z,ACS,1081.431816,2.0000000005104,Coinbase,,,
e7675b3e-573d-5306-bdbb-fcd152680834,Rewards,2023-08-06T03:17:32Z,XTZ,0.444315,0.36078378,Coinbase,,,
a4b5ebc3-070d-575d-a802-31a8ccec55c8,Rewards,2023-08-07T13:38:49Z,ATOM,0.26278,2.22732328,Coinbase,,,
a09501ef-e3f1-56d7-8ca8-0a39f95bf1fa,Rewards,2023-08-07T19:13:02Z,SOL,0.018810487,0.428785051165,Coinbase,,,
fbac528b-9bf6-5941-aaf8-616a0288d2d7,Rewards,2023-08-07T21:41:51Z,DOT,0.0561742096,0.2792700830264,Coinbase,,,
c4efb4cb-1102-52ff-83cf-9cd14bc965c3,Rewards,2023-08-07T21:44:40Z,DOT,0.0647673493,0.3215698892745,Coinbase,,,
6a81d863-10e9-56f6-a789-6da57da76100,Rewards,2023-08-08T12:25:56Z,XTZ,0.390897,0.3101767695,Coinbase,,,
2f12f381-68ef-547d-80cc-5fc9c3fa5838,Rewards,2023-08-08T20:50:27Z,DOT,0.1094885445,0.55395729089775,Coinbase,,,
306b198b-75a1-5575-a490-c8f4c751d470,Rewards,2023-08-09T21:28:19Z,DOT,0.0518926975,0.26026782431125,Coinbase,,,
ccbfcd3d-5838-51ba-b212-680aa761b213,Rewards,2023-08-10T21:16:16Z,DOT,0.0686038962,0.3420247245051,Coinbase,,,
59ca1618-e117-5f95-a7a3-fa9f2d02e5fb,Rewards,2023-08-10T21:24:38Z,DOT,0.0283182111,0.1412229187557,Coinbase,,,
dc1e6006-4b3d-57e7-aeeb-fee3de089374,Rewards,2023-08-10T21:27:38Z,ETH2,0.001139191765,2.10687820977925,Coinbase,,,
778ebb45-4804-5e41-af70-1f80bb63c1c3,Rewards,2023-08-10T23:52:29Z,ETH2,0.001146121761,2.121454187784585,Coinbase,,,
4eb3dfbe-4f0e-56a7-827e-9c35c0f5ea1c,Rewards,2023-08-11T00:56:43Z,ADA,0.913511,0.2712214159,Coinbase,,,
b5cf3e35-9e25-526e-9ed0-340385f6cc20,Rewards,2023-08-11T13:48:50Z,XTZ,0.385142,0.305225035,Coinbase,,,
c5cce182-7a91-5f8e-bf3f-b05dba0271a7,Rewards,2023-08-11T18:03:06Z,SOL,0.018459211,0.451235412895,Coinbase,,,
79911362-cb17-5a5c-8558-78db22a660d0,Rewards,2023-08-11T23:02:26Z,DOT,0.0081133845,0.040583149269,Coinbase,,,
5d70022c-6004-583a-85d5-9ec7477d0f8d,Rewards,2023-08-12T01:09:17Z,ADA,0.884538,0.2594792223,Coinbase,,,
9396ca19-74fe-58de-b99c-7a8599debd3c,Rewards,2023-08-12T15:46:27Z,ATOM,0.319465,2.6849435925,Coinbase,,,
95668337-2601-5f0a-bdc1-4f795f5f668d,Rewards,2023-08-12T18:57:24Z,ETH2,0.001129257093,2.086590439876215,Coinbase,,,
7f298dfb-981a-5256-84fd-354de1abe59b,Rewards,2023-08-12T19:28:07Z,SOL,0.018407272,0.45567201836,Coinbase,,,
26678ea9-5ac2-5b42-92a7-8467333266f5,Rewards,2023-08-12T23:26:23Z,SOL,0.018177379,0.45279851089,Coinbase,,,
872f3b19-6982-568a-9048-6c8c980b066b,Rewards,2023-08-12T23:57:15Z,DOT,0.0574986461,0.2896206804057,Coinbase,,,
766ab71f-d950-558a-9750-f8daab82f87b,Rewards,2023-08-13T20:55:38Z,DOT,0.0655059424,0.329658655128,Coinbase,,,
113acba1-6ce9-50d5-83ba-ca0619a4a570,Rewards,2023-08-14T10:59:05Z,XTZ,0.390452,0.3123616,Coinbase,,,
8f420905-b532-5110-862b-dce5b2e12007,Buy,2023-08-14T18:32:56Z,USDC,500,500,Coinbase,,,
a691e6e2-6b10-5c1b-8aee-310c1a9e2889,Rewards,2023-08-14T21:03:39Z,DOT,0.1252758174,0.6244373118303,Coinbase,,,
b245cd00-0b6a-5311-9626-841e28f95bea,Send,2023-08-15T15:23:06Z,,,,,USDC,500,500
3265c780-8156-5fa5-af62-baf5d04ae76f,Rewards,2023-08-15T15:30:01Z,ETH2,0.001151846378,2.11743343744551,Coinbase,,,
e41df29d-4727-5ecd-9bcb-66e03ed96e1b,Rewards,2023-08-15T17:30:56Z,SOL,0.018317929,0.452361256655,Coinbase,,,
c038a5ac-028e-503d-9517-c094f34569a6,Rewards,2023-08-16T03:55:03Z,DOT,0.0751928326,0.3626550316298,Coinbase,,,
78349844-4db0-59e2-92a6-ff9d711a4e18,Converted from,2023-08-16T05:53:51Z,,,,,ETC,0.96422016,15.8971869682848
afa46005-e4bc-5ed9-ad15-3ba2fde672f3,Advanced trade trade,2023-08-16T05:53:51Z,USDC,15.957843648,15.957843648,Coinbase,,,
41252924-c11b-5a6f-8fb8-9a4950468ba6,Converted from,2023-08-16T06:01:04Z,,,,,ETC,0.24108459,3.9735827316849
1fc053a9-ae06-5ee6-9377-e066f5f2189e,Advanced trade trade,2023-08-16T06:01:04Z,USDC,3.9899499645,3.9899499645,Coinbase,,,
6c3bb48c-c5d8-526a-8f5d-457cb93c8ce5,Converted from,2023-08-16T06:58:10Z,,,,,ETC,0.06012085,0.9909184629935
92475da4-ac25-530a-ae70-3705c7a9c02d,Advanced trade trade,2023-08-16T06:58:10Z,USDC,0.9950000675,0.9950000675,Coinbase,,,
b54bb5b8-e694-543a-bcf7-6d0af4a28abb,Converted from,2023-08-16T07:00:06Z,,,,,ETC,109.23471421,1800.962837391334501464299947
2912c1b1-1c4d-5789-9040-01121ec876ce,Advanced trade trade,2023-08-16T07:00:06Z,USDC,1807.8345201755,1807.8345201755,Coinbase,,,
3bb4cab2-8375-5e3a-8a4e-41cbb42898bc,Rewards,2023-08-16T12:23:18Z,ADA,0.936208,0.2570827168,Coinbase,,,
1d232634-7ae6-5e6c-987e-219e86c8a8a9,Converted from,2023-08-16T15:24:16Z,,,,,USDC,240.627282896,240.627282896
ea44cd61-c6c1-5343-9958-c3f8e91a3fa1,Converted from,2023-08-16T15:24:16Z,,,,,USDC,262.39077536,262.39077536
e846b853-945e-5588-832a-6ffb30f23926,Advanced trade trade,2023-08-16T15:24:16Z,DOGE,3446.3,240.64460916925,Coinbase,,,
9bd86e91-431a-50fb-bc7b-aa6377b95267,Advanced trade trade,2023-08-16T15:24:16Z,DOGE,3758,262.409668705,Coinbase,,,
ea66dc62-14a9-550a-ac7c-ccc83819855b,Converted from,2023-08-16T15:25:46Z,,,,,USDC,250.92926928,250.92926928
64f11ea3-fba5-5246-9a1f-8806af5521b7,Advanced trade trade,2023-08-16T15:25:46Z,HBAR,3936,251.06751144,Coinbase,,,
be6764e4-c3cf-5d18-9d04-7790a89e984f,Converted from,2023-08-16T15:25:48Z,,,,,USDC,182.8991312595,182.8991312595
3dac6261-981d-5759-b906-f3f8f3e717b8,Advanced trade trade,2023-08-16T15:25:48Z,HBAR,2868.9,182.91352596525,Coinbase,,,
36418f94-8426-5337-9b76-a057093d2e6e,Converted from,2023-08-16T15:26:14Z,,,,,USDC,434.705408361,434.705408361
84dc31d8-4391-56ea-b4b3-00e2bdb0e8b6,Advanced trade trade,2023-08-16T15:26:14Z,GRT,4301.78,434.705408361,Coinbase,,,
6808d1f5-de0b-5750-bbb2-b853100fab46,Converted from,2023-08-16T15:26:32Z,,,,,USDC,176.86490737734,176.86490737734
40eecb1e-e46e-5418-b5a8-faaed8743cba,Advanced trade trade,2023-08-16T15:26:32Z,SHIB,18321002,176.956833004875,Coinbase,,,
a119167a-7c29-5765-b7f6-427579c41c94,Converted from,2023-08-16T15:26:32Z,,,,,USDC,279.68402273994,279.68402273994
ff1051d0-b05a-5363-91cd-0af8eb0b0955,Advanced trade trade,2023-08-16T15:26:32Z,SHIB,28971782,279.829388656125,Coinbase,,,
bcd5c943-9fec-5007-80c4-8cef3475f043,Rewards,2023-08-16T20:49:26Z,SOL,0.018112048,0.4134074956,Coinbase,,,
f852bece-e9b2-5806-a79b-6b0470250582,Rewards,2023-08-16T21:21:33Z,DOT,0.0102307429,0.04694376379665,Coinbase,,,
3e57c219-6ec4-5391-8c44-5a95fea981a3,Rewards,2023-08-17T11:02:20Z,XTZ,0.392586,0.286195194,Coinbase,,,
43bc9d79-393a-536a-a1a6-2d52af6e5c66,Rewards,2023-08-17T20:51:25Z,DOT,0.0562227279,0.2613794620071,Coinbase,,,
f10b1c9d-19dc-5bcc-8f16-205d96f9a50f,Rewards,2023-08-18T00:34:06Z,SOL,0.018342603,0.40133615364,Coinbase,,,
0f562e46-92bf-5e74-8187-ba365001757b,Converted from,2023-08-18T01:30:26Z,,,,,GRT,1273.14,113.300038764
82aafc56-f55a-5215-9a1b-b4f95508beff,Converted from,2023-08-18T01:30:26Z,,,,,GRT,3028.73,269.534557398
1742a389-6375-5435-be6d-d9ec4f9764fb,Advanced trade trade,2023-08-18T01:30:26Z,USDC,113.691402,113.691402,Coinbase,,,
d7c9123c-1eb4-5472-9a9c-478e84d431ff,Advanced trade trade,2023-08-18T01:30:26Z,USDC,270.465589,270.465589,Coinbase,,,
77e5e2be-0ab4-51ac-b637-45a63de069d0,Converted from,2023-08-18T01:31:19Z,,,,,SHIB,47292784,381.8779987638
22d43f93-93bf-5285-b428-47036f0d240d,Advanced trade trade,2023-08-18T01:31:19Z,USDC,383.0715504,383.0715504,Coinbase,,,
e2c36576-b306-552a-b808-8344bad80c89,Converted from,2023-08-18T01:32:14Z,,,,,DOGE,249.7,15.1811669625
694ebf78-eef9-5c6e-a41b-7b94f261a163,Advanced trade trade,2023-08-18T01:32:14Z,USDC,15.229203,15.229203,Coinbase,,,
51242538-6fa9-563c-87f2-3db25db06fb4,Converted from,2023-08-18T01:32:59Z,,,,,HBAR,123.9,6.92290785375
d202dcdc-f77e-5412-87ad-2998539382c4,Advanced trade trade,2023-08-18T01:32:59Z,USDC,6.940878,6.940878,Coinbase,,,
05f04a57-9132-5fe9-93da-9857e6d87a51,Converted from,2023-08-18T01:33:44Z,,,,,APT,2.471,13.9139230125
9c4c2a2c-f147-5b02-be2a-fbc74fcd7433,Advanced trade trade,2023-08-18T01:33:44Z,USDC,13.96115,13.96115,Coinbase,,,
1af42855-d2a4-511a-a1ba-2a164e071d5f,Converted from,2023-08-18T01:33:50Z,,,,,DOGE,6954.6,422.961907095
4f951ea5-a7b6-554a-9e1d-39a36ce8c898,Advanced trade trade,2023-08-18T01:33:50Z,USDC,424.161054,424.161054,Coinbase,,,
bfe43261-1754-5fba-bd5d-42dcc7284870,Converted from,2023-08-18T01:33:51Z,,,,,APT,1.511,8.5082710125
ee3757a0-04cb-5e6c-9ff2-21409c14c0c8,Advanced trade trade,2023-08-18T01:33:51Z,USDC,8.53715,8.53715,Coinbase,,,
d04951b0-fddf-535a-bab3-785dbae47cb3,Converted from,2023-08-18T01:34:10Z,,,,,HBAR,6681,372.9340881
d1987708-f5be-5c88-838b-c5c90cf85814,Advanced trade trade,2023-08-18T01:34:10Z,USDC,374.26962,374.26962,Coinbase,,,
df35cbb0-2dcc-5f39-9a5e-1cde7a54153b,Converted from,2023-08-18T01:37:59Z,,,,,USDC,210.7849553286525,210.7849553286525
c707e788-a164-5d4a-b6cc-9c63c4d0e26b,Converted from,2023-08-18T01:37:59Z,,,,,USDC,729.2230964625,729.2230964625
87974c22-f988-5269-a4c3-161bd1c6e22e,Advanced trade trade,2023-08-18T01:37:59Z,BCH,1.16133282,210.819882413214,Coinbase,,,
1fd70a16-90cd-535e-befa-ba1e7dfbed59,Converted from,2023-08-18T01:37:59Z,,,,,USDC,60.76707885,60.76707885
21e8ec26-ab6b-5fff-8cf1-24cd0323e135,Advanced trade trade,2023-08-18T01:37:59Z,BCH,4.0177,729.34392879,Coinbase,,,
e478c882-2b67-580f-bd85-8e239b718122,Converted from,2023-08-18T01:37:59Z,,,,,USDC,19.0033248375,19.0033248375
b256d6b4-bebd-5efe-8836-4fe691209b81,Advanced trade trade,2023-08-18T01:37:59Z,BCH,0.3348,60.77714796,Coinbase,,,
876f74b1-7d6b-53c4-a904-0fdb7f5b0102,Converted from,2023-08-18T01:37:59Z,,,,,USDC,56.99182425,56.99182425
9bcd0f00-6464-5db2-907e-3287fdc1162f,Advanced trade trade,2023-08-18T01:37:59Z,BCH,0.1047,19.00647369,Coinbase,,,
7dec957b-50f5-5880-b26b-f6713945da10,Converted from,2023-08-18T01:37:59Z,,,,,USDC,5.5721305875,5.5721305875
fe954fb3-388e-549b-846a-550815c6574b,Advanced trade trade,2023-08-18T01:37:59Z,BCH,0.314,57.0012678,Coinbase,,,
1f1ff4de-01fb-55d1-9be4-ca483e4114c7,Converted from,2023-08-18T01:37:59Z,,,,,USDC,1.37941995,1.37941995
acac5dd1-0b30-5b1b-8ee1-23ba683585d3,Advanced trade trade,2023-08-18T01:37:59Z,BCH,0.0307,5.57305389,Coinbase,,,
f08afeaa-6a1f-56e9-a200-433ff3cf9717,Converted from,2023-08-18T01:37:59Z,,,,,USDC,49.9676726625,49.9676726625
4521fdf5-3c7a-561f-a519-00538739d7ba,Advanced trade trade,2023-08-18T01:37:59Z,BCH,0.0076,1.37964852,Coinbase,,,
05f9e7af-ff2a-52d1-8e8c-14bbff2fda53,Advanced trade trade,2023-08-18T01:37:59Z,BCH,0.2753,49.97595231,Coinbase,,,
f709be71-9d5e-56b8-ba1a-dc842ede84c9,Converted from,2023-08-18T01:37:59Z,,,,,USDC,13.322292675,13.322292675
e6b5b6c4-e2b0-5c75-ad85-4ec01444409e,Advanced trade trade,2023-08-18T01:37:59Z,BCH,0.0734,13.32450018,Coinbase,,,
f7bba0be-f168-51e4-b21d-5d795270a43b,Converted from,2023-08-18T01:37:59Z,,,,,USDC,4.8098195625,4.8098195625
2f000ebe-3271-5289-8bde-94da16a111cd,Advanced trade trade,2023-08-18T01:37:59Z,BCH,0.0265,4.80995239375,Coinbase,,,
b82e9f4d-6901-56e5-8049-92be331d7371,Converted from,2023-08-18T01:38:00Z,,,,,USDC,20.25569295,20.25569295
63895469-e384-51a8-afe8-d528ec4d0b59,Advanced trade trade,2023-08-18T01:38:00Z,BCH,0.1116,20.256252345,Coinbase,,,
9fdad686-fa09-5928-a5dc-42a9c0a80793,Converted from,2023-08-18T01:38:00Z,,,,,USDC,437.42132625,437.42132625
d30a382c-99f4-5390-a382-6a159fd71b4b,Advanced trade trade,2023-08-18T01:38:00Z,BCH,2.41,437.433406375,Coinbase,,,
c9ee962f-78d8-5b9d-8d69-29f2a7e1ac1f,Converted from,2023-08-18T01:38:06Z,,,,,USDC,0.17707940602875,0.17707940602875
c1f6f3db-b438-5a53-92da-ad9c2a81fc66,Advanced trade trade,2023-08-18T01:38:06Z,BCH,0.00097563,0.177084296374125,Coinbase,,,
b4def534-ec88-582e-9b1e-f7eea8538edd,Converted from,2023-08-18T01:40:54Z,,,,,APT,63.753,358.3500346125
b18e1f66-dd61-53df-8dc6-7558d1788663,Advanced trade trade,2023-08-18T01:40:54Z,USDC,360.20445,360.20445,Coinbase,,,
2eb78441-dfaf-5611-ac95-3d886a28292c,Converted from,2023-08-18T01:41:08Z,,,,,APT,12.458,70.149596475
e26d47bd-17b7-573e-966d-eebbdef710e7,Advanced trade trade,2023-08-18T01:41:08Z,USDC,70.3877,70.3877,Coinbase,,,
00b142a3-d374-59b8-af7e-b04969f1de7b,Converted from,2023-08-18T03:03:21Z,,,,,USDC,432.376123415196,432.376123415196
25a20156-5e0e-5894-948f-1c01e4cdc760,Advanced trade trade,2023-08-18T03:03:21Z,BCH,2.40464919,432.086844117639,Coinbase,,,
fd59b1fc-5d63-5be8-8332-5d19e959af22,Rewards,2023-08-18T17:04:43Z,ETH2,0.001087953081,1.80573012618975,Coinbase,,,
0d562b78-e0e2-5f59-8164-1e2a7d81a787,Rewards,2023-08-18T21:01:18Z,DOT,0.0607298214,0.2742558734424,Coinbase,,,
eda9d92c-9d69-5c53-9a89-de54790edb26,Rewards,2023-08-19T13:31:27Z,ATOM,0.193648,1.469401024,Coinbase,,,
fe7e9ed5-63a1-5fb0-8219-f846291c8c42,Rewards,2023-08-19T20:46:49Z,DOT,0.0828432785,0.3743687755415,Coinbase,,,
552b1c80-180c-541b-824d-cafb4cb713ed,Rewards,2023-08-19T21:40:38Z,SOL,0.009492147,0.20683388313,Coinbase,,,
be97fb76-d983-5a31-b7ad-8cb710d97b03,Rewards,2023-08-20T10:53:59Z,XTZ,0.394194,0.278892255,Coinbase,,,
8a297bf9-b024-5095-be93-028b93714814,Rewards,2023-08-20T20:57:53Z,DOT,0.1084552886,0.4905974979821,Coinbase,,,
0ade3a7e-e185-59d1-b92e-609ec00eb6a1,Rewards,2023-08-21T16:10:27Z,ETH2,0.001193595748,1.98025889763436,Coinbase,,,
222fb190-3f46-54ec-a19a-c5396b1638b7,Rewards,2023-08-21T20:48:53Z,DOT,0.0585503628,0.2598757852878,Coinbase,,,
4b81efc3-2147-55d8-9bba-e18f5c39c577,Rewards,2023-08-22T18:44:53Z,SOL,0.018304436,0.37167157298,Coinbase,,,
5c490cad-04d0-5923-a5a9-7425318aeb07,Rewards,2023-08-22T20:51:14Z,DOT,0.0069729264,0.0302136900912,Coinbase,,,
01ac63c7-c5ee-5b28-a710-bd71e371b408,Rewards,2023-08-22T21:24:26Z,DOT,0.063851763,0.2765100596715,Coinbase,,,
7a56ab56-ae2e-5aad-901f-1c741d1883a0,Rewards,2023-08-23T10:53:57Z,XTZ,0.386639,0.2689074245,Coinbase,,,
535028fc-2417-56e0-9e55-92657b1f35ef,Rewards,2023-08-23T21:02:38Z,DOT,0.0704726208,0.3161401769088,Coinbase,,,
6ba77575-366f-5067-b82a-7f8361305453,Rewards,2023-08-24T17:03:07Z,ETH2,0.001324249163,2.185732834743835,Coinbase,,,
a9b98249-b8e8-5f99-ae1d-cb04091ea019,Rewards,2023-08-24T18:23:23Z,SOL,0.018194192,0.38053152568,Coinbase,,,
46d9ed6a-f4ff-57c8-9070-5cacfb9057ad,Rewards,2023-08-25T00:50:45Z,DOT,0.0565592746,0.2493698417114,Coinbase,,,
38ceeb93-1e55-5a09-bc52-3769a752aa66,Rewards,2023-08-25T04:22:23Z,ADA,0.914796,0.2398595112,Coinbase,,,
b4f43378-3475-58c6-aed5-f1cfb0e2e5c0,Buy,2023-08-25T05:11:56Z,USDC,300,300,Coinbase,,,
6ad16f9a-8a15-5cc1-b938-3e883464d794,Send,2023-08-25T16:42:05Z,,,,,USDC,300,300
393e9e95-39de-5358-9e35-9b8ccefa25e6,Rewards,2023-08-25T20:51:38Z,DOT,0.0496234304,0.2209235121408,Coinbase,,,
56b49983-62c2-5425-b754-fabdbac863a8,Rewards,2023-08-26T12:49:48Z,XTZ,0.389387,0.265561934,Coinbase,,,
a45fd6ed-6be2-5293-b0c9-6c18100f7c90,Rewards,2023-08-26T14:07:49Z,ATOM,0.229506,1.649918634,Coinbase,,,
5c1670ac-8b80-59e0-a9eb-63f74233c68b,Rewards,2023-08-26T19:53:30Z,SOL,0.018192795,0.369768558375,Coinbase,,,
a808c278-6a63-534a-afa6-a2062e1c67d5,Rewards,2023-08-26T21:16:06Z,DOT,0.0530075514,0.2389315379355,Coinbase,,,
f2090c8f-248a-5c9c-8443-082f1c22c910,Rewards,2023-08-27T15:45:44Z,ETH2,0.001135448319,1.881591150106065,Coinbase,,,
371d336f-6d6e-5a66-a16d-c245ddde73d1,Rewards,2023-08-27T21:01:00Z,DOT,0.0404470826,0.1815265067088,Coinbase,,,
343b67bb-59cd-5b33-9489-beb6762d27cf,Rewards,2023-08-28T11:54:36Z,XTZ,0.389281,0.271718138,Coinbase,,,
8a034328-2683-5c7c-bf76-52eb968da2ad,Rewards,2023-08-28T20:51:11Z,DOT,0.0603976436,0.27631921947,Coinbase,,,
e15a35ed-7355-5e08-9068-3fbe0217cc94,Rewards,2023-08-29T21:03:47Z,DOT,0.0245366929,0.11445140403205,Coinbase,,,
b247e964-988b-5279-ac7b-1cdfa2b755a6,Rewards,2023-08-29T21:26:58Z,DOT,0.0617537852,0.2881740386358,Coinbase,,,
63150fd2-3440-59e1-8100-82fdf5e1cf85,Rewards,2023-08-30T01:22:35Z,ADA,0.893279,0.2400240673,Coinbase,,,
a148709e-18c8-5c7b-84dd-4b5b034f961d,Rewards,2023-08-30T16:00:38Z,ETH2,0.00113768531,1.93760891674065,Coinbase,,,
b39247e7-2048-5e09-a0b6-1c7cdb19cc4b,Rewards,2023-08-30T19:09:11Z,SOL,0.018224448,0.37806617376,Coinbase,,,
8f6fc1ee-66df-5115-987d-eca2041837e6,Rewards,2023-08-31T02:37:13Z,DOT,0.0254295925,0.1143060182875,Coinbase,,,
d444b07a-8371-5d29-9491-b9fe270d1e69,Rewards,2023-08-31T03:41:33Z,DOT,0.0113821839,0.05096372841225,Coinbase,,,
440efe70-c442-548a-bdef-add0a78e2f28,Rewards,2023-08-31T11:05:00Z,ADA,0.84122,0.222460629,Coinbase,,,
120c515a-2dae-5a59-bb44-fe740f1a2688,Rewards,2023-08-31T19:21:34Z,SOL,0.018223982,0.35937692504,Coinbase,,,
43324466-1ff4-55b1-870a-4c5e6a4b7366,Rewards,2023-08-31T22:58:38Z,DOT,0.0151181036,0.064516507113,Coinbase,,,
cc87c10c-7f96-5258-a9d0-1fbe9af6015e,Rewards,2023-08-31T23:10:23Z,DOT,0.0625541925,0.2665434142425,Coinbase,,,
27ebf409-e487-5db6-98a5-e67b6ad64208,Rewards,2023-09-01T13:30:06Z,XTZ,0.346721,0.2369838035,Coinbase,,,
34c107cb-fb5c-5deb-b078-57961765390f,Rewards,2023-09-01T18:12:07Z,SOL,0.018171615,0.3481681434,Coinbase,,,
1d2ba18b-3452-56c6-8057-6608a831df69,Rewards,2023-09-01T22:00:22Z,DOT,0.0280452857,0.118070652797,Coinbase,,,
4aae42fd-5669-552c-b760-20cb0808375a,Rewards,2023-09-02T15:03:24Z,ETH2,0.001216570379,1.992127912760605,Coinbase,,,
8a90020c-37e8-5a57-8379-1450278287b5,Rewards,2023-09-02T21:04:24Z,DOT,0.0637855164,0.2711841229746,Coinbase,,,
f6ea0e8f-e6e2-503b-8d67-10f9ca6d66e1,Rewards,2023-09-03T12:27:29Z,XTZ,0.395286,0.273142626,Coinbase,,,
6b89ba2b-dbbc-508d-a382-ac482265918c,Rewards,2023-09-03T14:04:43Z,ATOM,0.134123,0.916998951,Coinbase,,,
d32405ca-b3f9-5586-829b-6393a031e356,Converted from,2023-09-03T18:52:43Z,,,,,ETH,0.03025081,49.326604675571980000458893
c5c53624-9e8c-5ec0-a63d-6373a4966f35,Advanced trade trade,2023-09-03T18:52:43Z,USDC,49.5000054192,49.5000054192,Coinbase,,,
46f02bdb-93fe-5e6e-a710-3d4386c62c58,Converted from,2023-09-03T18:52:48Z,,,,,ETH,0.2389311,389.59815999636226001121309
7b264411-b273-58e6-9347-de54142cf601,Advanced trade trade,2023-09-03T18:52:48Z,USDC,390.967737552,390.967737552,Coinbase,,,
7b09682f-3e3f-5d8d-b294-8c1a13deccf6,Converted from,2023-09-03T18:54:00Z,,,,,USDC,2.0142539001,2.0142539001
c3410ba9-93e3-5935-8413-07dfbd91178b,Advanced trade trade,2023-09-03T18:54:00Z,CBETH,0.00117,2.014201065825,Coinbase,,,
64a1e879-e0b1-5251-9d22-31572d552d16,Converted from,2023-09-03T18:54:05Z,,,,,USDC,4.0285078002,4.0285078002
47ccc478-713d-5b28-9d36-8823537fe911,Advanced trade trade,2023-09-03T18:54:05Z,CBETH,0.00234,4.0288600287,Coinbase,,,
2aadc612-b81a-566b-af6a-e3d8180eeb62,Converted from,2023-09-03T18:54:10Z,,,,,USDC,2.0142539001,2.0142539001
1516b763-32f6-5ad2-a3bc-d55cfc07b1d9,Advanced trade trade,2023-09-03T18:54:10Z,CBETH,0.00117,2.01443001435,Coinbase,,,
c569b4ce-91c0-5ca8-b828-d84cda61ce58,Converted from,2023-09-03T18:54:13Z,,,,,USDC,6.0427617003,6.0427617003
736479d0-824d-56c1-8c0f-f53a43eed1a3,Advanced trade trade,2023-09-03T18:54:13Z,CBETH,0.00351,6.04329004305,Coinbase,,,
9578f9cf-7326-52c6-950e-e2bc7061cac3,Converted from,2023-09-03T18:54:16Z,,,,,USDC,2.0142539001,2.0142539001
380931ac-5085-52cf-b7fd-21729fa0a389,Advanced trade trade,2023-09-03T18:54:16Z,CBETH,0.00117,2.0144182734,Coinbase,,,
df418410-c888-5682-924f-58953ca57339,Converted from,2023-09-03T18:54:19Z,,,,,USDC,4.0285078002,4.0285078002
0fa48908-235a-52fa-907f-f9ad2048da43,Advanced trade trade,2023-09-03T18:54:19Z,CBETH,0.00234,4.0287661011,Coinbase,,,
bd077616-5fd1-5746-8032-b2762ee2b75f,Converted from,2023-09-03T18:54:22Z,,,,,USDC,2.0142539001,2.0142539001
bec68471-2ca3-5600-a707-6357ee585291,Advanced trade trade,2023-09-03T18:54:22Z,CBETH,0.00117,2.01433608675,Coinbase,,,
441d261f-dd64-5458-a21f-5234d9eab205,Converted from,2023-09-03T18:54:25Z,,,,,USDC,4.0285078002,4.0285078002
9a96dcd3-7548-5fd1-a267-e5419cb8ae66,Advanced trade trade,2023-09-03T18:54:25Z,CBETH,0.00234,4.02858998685,Coinbase,,,
999cab09-8e5b-516b-bf5f-f777fc8e481a,Converted from,2023-09-03T18:54:28Z,,,,,USDC,4.0285078002,4.0285078002
13b4202e-ef7d-521f-a77b-304f5a005400,Advanced trade trade,2023-09-03T18:54:28Z,CBETH,0.00234,4.02863695065,Coinbase,,,
154c6e50-04c3-5c0a-89dc-9b81851ee58f,Converted from,2023-09-03T18:54:33Z,,,,,USDC,6.0427617003,6.0427617003
eef3ed6c-2d82-5ffc-ad17-0920f221a34f,Advanced trade trade,2023-09-03T18:54:33Z,CBETH,0.00351,6.042955425975,Coinbase,,,
03b46dcb-22d4-5cfe-8521-7de2132900aa,Converted from,2023-09-03T18:54:35Z,,,,,USDC,2.0142539001,2.0142539001
66f376bc-4bcb-514d-a280-72c22aad51f2,Advanced trade trade,2023-09-03T18:54:35Z,CBETH,0.00117,2.01428912295,Coinbase,,,
768198ce-13f8-506e-8b0d-fdbf272f1225,Converted from,2023-09-03T18:54:38Z,,,,,USDC,2.0142539001,2.0142539001
124ec953-ee42-5dd0-a508-9e263fa4d73b,Advanced trade trade,2023-09-03T18:54:38Z,CBETH,0.00117,2.0143243458,Coinbase,,,
5ed17d2d-18b8-5ac1-a919-36ca8a12d7b1,Converted from,2023-09-03T18:54:58Z,,,,,USDC,2.0142539001,2.0142539001
074f6832-2457-5d81-871d-fe1e2fccec2a,Advanced trade trade,2023-09-03T18:54:58Z,CBETH,0.00117,2.01433608675,Coinbase,,,
783001d3-7405-5a34-97e7-1946efcad382,Converted from,2023-09-03T18:55:02Z,,,,,USDC,4.0285078002,4.0285078002
c91e4ecc-9024-5599-bda9-5d1bca9f7aef,Advanced trade trade,2023-09-03T18:55:02Z,CBETH,0.00234,4.02866043255,Coinbase,,,
ee7386ba-2911-5f01-ba29-ab7fade9bddc,Converted from,2023-09-03T18:55:06Z,,,,,USDC,4.0285078002,4.0285078002
5b2a74f4-f6a1-5e78-a43c-222bb6421892,Advanced trade trade,2023-09-03T18:55:06Z,CBETH,0.00234,4.0286017278,Coinbase,,,
dce73802-33aa-58fb-8297-a14c9a9106d2,Converted from,2023-09-03T18:55:10Z,,,,,USDC,4.0285078002,4.0285078002
3a6e2fd7-d2a9-5a86-8593-049d6a4f6cb7,Advanced trade trade,2023-09-03T18:55:10Z,CBETH,0.00234,4.02866043255,Coinbase,,,
47dfff4e-5e9b-5d9b-9a1f-edca2e0273be,Converted from,2023-09-03T18:55:13Z,,,,,USDC,2.0142539001,2.0142539001
0863df10-76db-5c60-b496-f31107f67ba6,Advanced trade trade,2023-09-03T18:55:13Z,CBETH,0.00117,2.01433608675,Coinbase,,,
eba696d3-cd69-540d-8158-45fbb13744d8,Converted from,2023-09-03T18:55:13Z,,,,,USDC,383.8272709635,383.8272709635
9644f7a6-14d4-51fb-8810-305e90cbeddd,Advanced trade trade,2023-09-03T18:55:13Z,CBETH,0.22295,383.84293208625,Coinbase,,,
7a6f4121-18e1-5fd8-a568-c65c55d674ef,Rewards,2023-09-03T20:46:24Z,DOT,0.0525599759,0.2246413369966,Coinbase,,,
,Reward,2023-09-04T16:00:00Z,CBETH,0.0000214477901935,0.0370640461119313925982179264352692,Coinbase,,,
42896a32-b5a1-5711-ac7f-b49712fc5135,Rewards,2023-09-04T21:18:32Z,USDC,0.064758,0.064758,Coinbase,,,
e0344ad8-09d1-5ca0-8484-02fd3f5f9c8c,Rewards,2023-09-04T21:28:00Z,DOT,0.0575232567,0.2429207130441,Coinbase,,,
168c0667-a125-5541-a9ca-b75939355651,Rewards,2023-09-05T21:06:42Z,DOT,0.1181396606,0.4995535548471,Coinbase,,,
c0d817e5-119e-5950-b295-43bd6cdac0cc,Rewards,2023-09-06T10:40:17Z,XTZ,0.392285,0.27224579,Coinbase,,,
6c9d6be6-0e74-5581-9eb7-9fb302affd6c,Rewards,2023-09-06T21:16:32Z,DOT,0.0539383235,0.22850970750775,Coinbase,,,
c57440c0-2c41-5853-ac00-cbc3a436dac2,Rewards,2023-09-06T22:43:42Z,SOL,0.018197805,0.356222032875,Coinbase,,,
60b0f5a7-42d1-5215-a456-33c847c428b1,Rewards,2023-09-07T00:31:15Z,ETH2,0.001119772723,1.827844207798205,Coinbase,,,
,Reward,2023-09-07T16:00:00Z,CBETH,0.0000656778338829,0.113652455604858433759909188910512,Coinbase,,,
9e720f5f-8c40-5456-b7f6-23703efad0e7,Rewards,2023-09-07T19:57:05Z,SOL,0.018213406,0.35798449493,Coinbase,,,
05bf9541-1d89-528e-9b36-db3b11e27f97,Rewards,2023-09-07T22:46:51Z,DOT,0.0570269044,0.244502852615,Coinbase,,,
5efed4ad-c5d0-56db-bfd8-df9187f37032,Rewards,2023-09-07T23:20:02Z,DOT,0.0069635243,0.0297690663825,Coinbase,,,
8c027473-6f85-5c1d-b6d6-5b56146ce996,Rewards,2023-09-08T02:34:14Z,ADA,0.033696,0.0086565024,Coinbase,,,
05e437fa-b558-5f1c-b3b8-b7b3c0b77c73,Buy,2023-09-08T05:33:45Z,USDC,1000,1000,Coinbase,,,
3fdd4486-0efe-5b35-9d0e-025c2e6531ca,Rewards,2023-09-08T16:35:20Z,ETH2,0.001026682162,1.671438559736,Coinbase,,,
52842c9a-6c02-51a8-9d36-baaa5826680a,Converted from,2023-09-08T17:32:43Z,,,,,USDC,998.9368599132,998.9368599132
f098adb2-af6a-5002-92bf-353df16ca273,Advanced trade trade,2023-09-08T17:32:43Z,CBETH,0.58346,999.34963890075,Coinbase,,,
890ed165-f99d-5b15-add4-027f7c5dfc94,Rewards,2023-09-09T00:14:07Z,ADA,0.923802,0.2347842783,Coinbase,,,
843fa884-a6ee-577e-b92c-b8068695b9d1,Rewards,2023-09-09T01:04:49Z,DOT,0.0112446302,0.0476828543631,Coinbase,,,
d69e0764-5a6a-5812-9293-65e3d3f83491,Rewards,2023-09-09T10:58:49Z,XTZ,0.390937,0.271701215,Coinbase,,,
8d83fea8-205c-58f5-a0e6-56024c1fcb59,Rewards,2023-09-09T20:45:51Z,DOT,0.0718703765,0.3049460074895,Coinbase,,,
9f0150de-cb68-504b-8139-aa4ddb6b3dfa,Rewards,2023-09-10T05:30:27Z,DOT,0.0596846524,0.2484075232888,Coinbase,,,
806e5f27-2e39-5596-8ad4-7dbd209c2b1b,Rewards,2023-09-10T15:36:36Z,ATOM,0.202603,1.357845306,Coinbase,,,
,Reward,2023-09-10T16:00:00Z,CBETH,0.0001660911613828,0.2857136090600212971799583757631932,Coinbase,,,
cd9570aa-01e4-5dc2-8e47-2a700ded472b,Rewards,2023-09-11T16:21:32Z,DOT,0.0642183129,0.25748332557255,Coinbase,,,
25acae3e-d758-563a-bdf0-e76cd3d4a079,Rewards,2023-09-11T16:27:58Z,ETH2,0.001133346085,1.769453575397525,Coinbase,,,
124353e0-2a34-55a1-bc15-de1a8812892b,Rewards,2023-09-11T23:59:13Z,SOL,0.018184532,0.3223208297,Coinbase,,,
fdf89ed5-292e-5dd9-b7dd-a1af35c4c5cf,Rewards,2023-09-12T18:25:23Z,SOL,0.017923167,0.3190323726,Coinbase,,,
a4c72aa4-0661-5ae4-9ba9-aee4aa319466,Rewards,2023-09-12T20:57:22Z,DOT,0.0989719639,0.3947001920332,Coinbase,,,
,Reward,2023-09-13T16:00:00Z,CBETH,0.0002174630082111,0.3716145350632029990876704727633,Coinbase,,,
8066ab86-348c-580b-8d0b-75a03dad3e48,Rewards,2023-09-13T22:21:50Z,DOT,0.0568142398,0.2284216511159,Coinbase,,,
92883bb9-efb6-5899-8b3e-dc6817099854,Rewards,2023-09-13T23:43:16Z,SOL,0.018181149,0.333714989895,Coinbase,,,
6ad07a14-5975-5d7b-b41c-ac5b489b2a4c,Rewards,2023-09-14T00:18:09Z,ADA,0.914108,0.2277957136,Coinbase,,,
a1b92045-5f62-5e91-bc75-7af1e924f91b,Rewards,2023-09-14T17:33:57Z,SOL,0.018219908,0.34654265016,Coinbase,,,
0e15a6cd-154d-5d53-a570-6f619f19c8f5,Rewards,2023-09-14T23:07:09Z,DOT,0.0151754292,0.0618854002776,Coinbase,,,
64ed8f17-0c68-5c2a-8d85-5f8eae52ecc1,Rewards,2023-09-14T23:33:39Z,DOT,0.04437971,0.180248192165,Coinbase,,,
d593541c-18eb-5cb3-839f-4855a714a868,Rewards,2023-09-15T05:25:44Z,ETH2,0.001089418733,1.778851931085385,Coinbase,,,
04034f68-e067-5b61-b76f-c18cbfe9f4a4,Rewards,2023-09-15T12:22:00Z,XTZ,0.397133,0.2607178145,Coinbase,,,
39dcee3f-67fb-5771-ae47-eb29477ef3ad,Rewards,2023-09-15T19:34:04Z,ETH2,0.001250228581,2.027489438664795,Coinbase,,,
9536c1bb-52cb-59ae-9e5a-6bc96d3694f8,Rewards,2023-09-15T20:48:38Z,DOT,0.0168105598,0.0692763169358,Coinbase,,,
,Reward,2023-09-16T16:00:00Z,CBETH,0.0002095396524715,0.3641950235231814421497977209618635,Coinbase,,,
39d336c1-acad-5ad1-8508-8ee7bd309b58,Rewards,2023-09-16T21:00:43Z,DOT,0.1252000438,0.5198931818795,Coinbase,,,
01dc5cdb-cbe8-5f18-9444-78c0a27ed731,Rewards,2023-09-17T14:42:02Z,ATOM,0.279579,1.99339827,Coinbase,,,
2432ce53-f75b-5aa7-ab8a-acd5b85fc910,Rewards,2023-09-17T20:41:31Z,DOT,0.0177488166,0.0720868186209,Coinbase,,,
0634bd18-6e23-51df-8a92-c5862d31a695,Rewards,2023-09-17T21:15:47Z,DOT,0.0621646968,0.2522643396144,Coinbase,,,
35854b57-cc84-5917-bb9d-ea0a26ca2bde,Rewards,2023-09-18T12:37:34Z,XTZ,0.193403,0.131900846,Coinbase,,,
1b3001fd-c0b8-581e-b99a-477efb40cac3,Rewards,2023-09-18T21:17:46Z,DOT,0.0613224602,0.2524032461832,Coinbase,,,
a1625920-f155-58aa-b4b2-a58c7f25daac,Rewards,2023-09-18T23:53:14Z,ADA,0.862701,0.21701243655,Coinbase,,,
,Reward,2023-09-19T16:00:00Z,CBETH,0.0002158348082581,0.3795120831543669341183282928263778,Coinbase,,,
e320e65b-b61e-5106-a19b-44127e386a17,Rewards,2023-09-19T20:43:16Z,DOT,0.0670756235,0.2776260056665,Coinbase,,,
d178e4fa-78b5-57f2-bc99-586cacb711af,Rewards,2023-09-20T11:48:28Z,XTZ,0.391793,0.2642643785,Coinbase,,,
a5f25624-9ca7-523e-8b3b-d399c9780a4b,Rewards,2023-09-20T20:46:51Z,DOT,0.0567864161,0.23387485470785,Coinbase,,,
00a3e0e1-a9bf-5e32-966c-2dc2b4d73acf,Rewards,2023-09-21T20:05:02Z,SOL,0.017886217,0.34985440452,Coinbase,,,
a7f36405-dd8f-5238-955b-f42acc17ae23,Rewards,2023-09-21T21:18:47Z,DOT,0.0576619902,0.2313975666726,Coinbase,,,
2f62f3e2-c4f6-5e3e-9897-f9e11acba011,Buy,2023-09-22T05:49:15Z,USDC,1000,1000,Coinbase,,,
07a8fd16-7056-58b1-b6e0-a9211a37e7e7,Converted from,2023-09-22T06:38:11Z,,,,,USDC,4.94657262,4.94657262
4b580ad0-720f-5414-874e-98abde9891bb,Advanced trade trade,2023-09-22T06:38:11Z,XTZ,7.48,4.95032571,Coinbase,,,
e218dc18-cd3f-5fa2-a0a0-673b36d9b01d,Converted from,2023-09-22T06:47:53Z,,,,,USDC,2.691517455,2.691517455
10994491-8ec9-597e-bcc8-0ee10c6f33ef,Advanced trade trade,2023-09-22T06:47:53Z,XTZ,4.07,2.6935595775,Coinbase,,,
16976d3f-bf9e-5fe9-b20d-64cf906dd5f1,Converted from,2023-09-22T06:57:45Z,,,,,USDC,1.368904455,1.368904455
9fcf6683-2a28-5bf2-a39f-3a9b83ba2e1b,Advanced trade trade,2023-09-22T06:57:45Z,XTZ,2.07,1.3699430775,Coinbase,,,
bc7a3833-c36b-5380-bbec-a6fc41892d10,Converted from,2023-09-22T07:01:37Z,,,,,USDC,251.30969613,251.30969613
a9b0ab63-a256-53f7-b91c-a738ea14d57b,Advanced trade trade,2023-09-22T07:01:37Z,XTZ,380.02,251.500371165,Coinbase,,,
3945dbb3-701d-5e39-bb0b-df40b42a7e3f,Converted from,2023-09-22T07:01:41Z,,,,,USDC,239.68392786,239.68392786
a762c964-b811-5f8a-83f9-7d37d00b0587,Advanced trade trade,2023-09-22T07:01:41Z,XTZ,362.44,239.86578213,Coinbase,,,
,Reward,2023-09-22T16:00:00Z,CBETH,0.0002375897309932,0.402537223444399040205720756992854,Coinbase,,,
642703fb-cd8a-5850-bc4b-09f9b8038002,Rewards,2023-09-22T19:32:40Z,DOT,0.0602240494,0.2414382140446,Coinbase,,,
f6656bda-d3f2-5c5f-acf4-f9d07f383150,Rewards,2023-09-23T00:06:42Z,SOL,0.01816975,0.35440097375,Coinbase,,,
1920f191-4bb8-5098-ab3d-fe4af210fea6,Rewards,2023-09-23T00:50:07Z,SOL,0.018071059,0.35166280814,Coinbase,,,
56b19ac7-8cde-51ec-bb52-ff092979280f,Send,2023-09-23T18:17:06Z,,,,,USDC,50,50
0c47dab5-a12a-53cc-afdb-7e4d85eda589,Send,2023-09-23T18:35:07Z,,,,,USDC,450,450
e3643b90-bc85-5bc0-94bd-8d6298a1d2c1,Receive,2023-09-23T18:55:09Z,USDC,93.906325,93.9100000000000024807775,Customer provided,,,
d70346b4-c1cb-5b3f-930f-13393923bcab,Rewards,2023-09-23T19:12:35Z,SOL,0.018016316,0.3508677541,Coinbase,,,
9a51147e-00ec-5b4e-b235-bd2142009151,Sell,2023-09-23T21:11:07Z,,,,,USDC,95.932836,95.9300000000000041613328
7f47ff8c-bb47-51ee-bbb6-45fdb92fca07,Buy,2023-09-24T04:13:15Z,USDC,96.61,96.61,Coinbase,,,
5d25f8dd-eb61-567d-8ed4-1d9c1fcd8f91,Rewards,2023-09-24T06:42:44Z,DOT,0.0143284814,0.057528852821,Coinbase,,,
d7f5c56a-37de-50eb-84c9-c873db395f2d,Rewards,2023-09-24T06:49:12Z,DOT,0.0686965287,0.2756104731444,Coinbase,,,
,Reward,2023-09-25T16:00:00Z,CBETH,0.0001935809383156,0.3258751293867479930567011604516456,Coinbase,,,
5d074ba6-6eb3-5e8c-95d6-4931e200bdde,Rewards,2023-09-25T20:27:51Z,DOT,0.0602016294,0.2449303292139,Coinbase,,,
059367e0-b715-51fa-8899-14088737bbcd,Rewards,2023-09-25T21:00:46Z,DOT,0.0602181804,0.2444255942436,Coinbase,,,
5eeb734f-2297-5824-9446-bba9aa469a0f,Rewards,2023-09-25T23:28:00Z,ADA,0.852305,0.20911303175,Coinbase,,,
699a2867-c167-522c-ac79-af142d40c028,Rewards,2023-09-25T23:49:40Z,XTZ,0.392291,0.2579313325,Coinbase,,,
4f1d8a52-e792-5747-b2b5-fba4de7f2aa4,Rewards,2023-09-26T12:32:06Z,XTZ,0.390727,0.2553400945,Coinbase,,,
5e2a47e6-29ee-5f27-ae25-a9c93515d9c3,Rewards,2023-09-26T17:32:14Z,SOL,0.017928526,0.34413805657,Coinbase,,,
93a64d0b-072b-532a-b6f5-0fd7217439f7,Rewards,2023-09-26T22:23:42Z,DOT,0.0640669576,0.2569405334548,Coinbase,,,
43c71b47-d33d-5ef7-97a9-0d5f3108a940,Rewards,2023-09-27T03:49:45Z,ETH2,0.00115679654,1.8434073423343,Coinbase,,,
841a7c07-184d-5c77-ba1f-45c2e7c6eede,Rewards,2023-09-27T09:21:05Z,ETH2,0.000141462909,0.225457218533295,Coinbase,,,
4987e16c-aa1c-5235-bfc7-e1d2f3763e53,Rewards,2023-09-27T19:57:39Z,SOL,0.017816597,0.337713596135,Coinbase,,,
4227e28a-1837-5c37-9fcf-a4b61dbf4ffc,Rewards,2023-09-27T22:28:57Z,DOT,0.047573794,0.18934370012,Coinbase,,,
f8db16d6-19b5-5491-9e50-d43d705ca362,Rewards,2023-09-27T23:45:45Z,ATOM,0.229229,1.5976115155,Coinbase,,,
,Reward,2023-09-28T16:00:00Z,CBETH,0.000213147804765,0.3737456166553953043338071905164309,Coinbase,,,
531e342c-2753-555c-890e-876a4f474d6c,Rewards,2023-09-28T20:50:15Z,DOT,0.0684174769,0.2788696358444,Coinbase,,,
0f9ffb1a-816a-58d3-ae0d-2a79e77f50cc,Rewards,2023-09-29T01:47:51Z,ETH2,0.000996027271,1.648280709550705,Coinbase,,,
d14dede4-4c31-5494-aa42-1b52ffe350e6,Rewards,2023-09-29T06:19:13Z,ADA,0.861649,0.21562766225,Coinbase,,,
24b08e26-bc9e-5259-a508-46a6c5001c8a,Rewards,2023-09-29T11:00:39Z,XTZ,0.389292,0.262188162,Coinbase,,,
c54fe9cc-9113-5cb8-b34d-967a9f230221,Rewards,2023-09-29T20:48:37Z,DOT,0.0142231605,0.058002048519,Coinbase,,,
4994250a-fd7a-59ae-acb5-855eb1a384a8,Rewards,2023-09-30T18:25:01Z,SOL,0.01802779,0.38534401125,Coinbase,,,
,Reward,2023-10-01T16:00:00Z,CBETH,0.0002167370091235,0.3877630291659732138846915830864064,Coinbase,,,
3373b366-312e-5b62-a2cc-ff70e205989e,Rewards,2023-10-01T20:55:03Z,DOT,0.1226363621,0.51537931172525,Coinbase,,,
ce4e0b67-b055-5c8c-aabd-f4ce2a17424f,Rewards,2023-10-02T12:58:21Z,XTZ,0.397091,0.278757882,Coinbase,,,
9e4f2526-797f-5d95-aeb3-7f5ff90d3752,Rewards,2023-10-02T18:40:52Z,SOL,0.017611147,0.411484449655,Coinbase,,,
46017b2d-dcc2-5348-91a3-3ea9ad7f6979,Rewards,2023-10-02T20:46:34Z,DOT,0.1146847662,0.4754830406652,Coinbase,,,
23546422-19a0-5774-aa7b-084a02766898,Rewards,2023-10-03T09:45:06Z,ETH,0.000869804753,1.445628546557295,Coinbase,,,
bdf6a61c-c6d0-5b71-bc7d-85255fcc98df,Rewards,2023-10-03T20:52:22Z,DOT,0.0605231001,0.24690398685795,Coinbase,,,
b8a0c5b3-e420-5f0b-989a-56d97a706955,Rewards,2023-10-03T23:27:33Z,ADA,0.893165,0.2330267485,Coinbase,,,
99a0f394-3487-5085-8857-3b1a9aec2089,Rewards,2023-10-04T15:41:42Z,USDC,0.109869,0.109869,Coinbase,,,
,Reward,2023-10-04T16:00:00Z,CBETH,0.0002169312846614,0.376883171309390249187465797968875,Coinbase,,,
4daff1c4-8320-5516-a0f8-d4e3edf48a36,Rewards,2023-10-04T17:04:42Z,ATOM,0.195645,1.3613957325,Coinbase,,,
8e039b04-a7c0-55b8-afa3-e0d8a3f33f8a,Rewards,2023-10-04T19:13:52Z,SOL,0.017983105,0.417118120475,Coinbase,,,
91010571-c2c4-5594-8413-d34ca2149f5f,Rewards,2023-10-05T01:15:54Z,DOT,0.0142649483,0.057630391132,Coinbase,,,
aef79107-41b6-5d94-ae58-0e405ee24312,Rewards,2023-10-05T13:10:34Z,XTZ,0.390041,0.2650328595,Coinbase,,,
708db034-fe55-5187-b157-bfc56dc5d0de,Rewards,2023-10-05T20:57:06Z,DOT,0.0686753979,0.27624678805275,Coinbase,,,
3e9699a0-b367-5318-a195-eefbc74459e8,Buy,2023-10-06T21:34:38Z,USDC,610,610,Coinbase,,,
644c1ac6-9755-5226-ad6f-0b4eb7c1fde6,Rewards,2023-10-06T21:40:46Z,SOL,0.01792487,0.42401279985,Coinbase,,,
a29dfd36-d2dc-5e82-8804-3559b850dd22,Rewards,2023-10-07T00:59:56Z,DOT,0.0534687974,0.217618005418,Coinbase,,,
c3ba4647-c8d2-52aa-b7b2-8ef77e0398bb,Rewards,2023-10-07T09:07:39Z,ETH,0.000941199851,1.545473685338275,Coinbase,,,
,Reward,2023-10-07T16:00:00Z,CBETH,0.0002003656517377,0.349114298635099404224460989959839,Coinbase,,,
1e506f6c-fffa-5504-ae5a-0d8937200557,Rewards,2023-10-07T21:16:54Z,DOT,0.114596041,0.464801542296,Coinbase,,,
35ce84db-0d4b-5b18-912e-4fb181ecee82,Rewards,2023-10-08T15:00:23Z,XTZ,0.392834,0.266341452,Coinbase,,,
1153f62e-df68-55b1-9319-808d7c11e849,Rewards,2023-10-08T22:21:39Z,DOT,0.0524237435,0.2102716351785,Coinbase,,,
fac299af-2a52-58ee-8ca3-0fe972100811,Rewards,2023-10-09T11:25:12Z,ADA,0.892092,0.2235582552,Coinbase,,,
4262e5d7-104d-520f-b19c-c20eb3be1e22,Rewards,2023-10-09T20:52:54Z,DOT,0.0619820863,0.2377013009605,Coinbase,,,
8004894c-74b2-5d99-ba4a-e5eb953f9834,Rewards,2023-10-09T20:52:56Z,DOT,0.0082259006,0.0315504417513,Coinbase,,,
b1431244-a176-54cf-9bb4-5546224fb1b1,Send,2023-10-10T00:39:10Z,,,,,USDC,50,50.000000000031937996000021558739408379
b84acd21-a353-5dd5-845a-6b0b0fe9aa1b,Send,2023-10-10T00:56:07Z,,,,,USDC,656.719869,656.719869
d673bc12-42d9-5a06-b01b-2a6bd8e1c0b1,Rewards,2023-10-10T03:05:39Z,ETH,0.001211933017,1.923113490370855,Coinbase,,,
0651abd9-5a33-5bfe-a117-a6bd97c87582,Rewards,2023-10-10T12:39:09Z,XTZ,0.396505,0.27358845,Coinbase,,,
,Reward,2023-10-10T16:00:00Z,CBETH,0.0001967610458681,0.328008952119244071929920069856256,Coinbase,,,
90f64379-9179-5bf7-a96c-8d38d95217ad,Rewards,2023-10-10T20:45:07Z,DOT,0.0162155091,0.0615216415254,Coinbase,,,
3fcce2f2-8197-5e41-b4f0-8b181e4efa7a,Rewards,2023-10-11T16:24:37Z,ATOM,0.254248,1.703080228,Coinbase,,,
115915d2-126b-5d4c-8e37-d39f12949532,Rewards,2023-10-11T21:44:13Z,SOL,0.018417753,0.401046571575,Coinbase,,,
16da2476-9795-577e-873d-a1cf28cb28c6,Rewards,2023-10-11T22:34:04Z,ETH,0.001196222828,1.87471443492746,Coinbase,,,
68f14fff-a0ca-5650-9f69-58efa013dc4e,Rewards,2023-10-12T03:32:05Z,DOT,0.0593537401,0.2206178519517,Coinbase,,,
4611fb61-b4ba-55b5-87f3-b449354cb03c,Rewards,2023-10-12T18:38:04Z,SOL,0.018381797,0.39208373001,Coinbase,,,
bbf1483d-572c-56ac-866a-7c9804299517,Rewards,2023-10-12T21:57:28Z,SOL,0.018383468,0.38963760426,Coinbase,,,
13f9dcfa-5d6c-5eab-aa2d-0651d3dfc6a3,Rewards,2023-10-12T23:44:18Z,ETH,0.000819986766,1.26121754485077,Coinbase,,,
6cdbfd3a-6fdd-5dcc-9490-ff5caecd4f57,Rewards,2023-10-12T23:57:46Z,DOT,0.0506497026,0.1862136316089,Coinbase,,,
a004a7d6-c8f9-5f7c-94e7-96f06ee57317,Rewards,2023-10-13T11:21:10Z,XTZ,0.391928,0.255145128,Coinbase,,,
,Reward,2023-10-13T16:00:00Z,CBETH,0.0002030375518319,0.331857777811341636243784910273976,Coinbase,,,
092c6a33-d1f8-531e-ad43-a6b355d5f27d,Buy,2023-10-13T17:51:26Z,USDC,500,500,Coinbase,,,
8dd8d56f-459a-54c4-b6fa-20dbc47fec0c,Send,2023-10-13T17:53:11Z,,,,,USDC,500,500
1e11507a-64d6-5ff7-a581-0a6baf370b6c,Rewards,2023-10-13T22:04:22Z,DOT,0.1303123184,0.4879544762488,Coinbase,,,
1409a6a2-e049-5f4d-9e99-c2eeec73457d,Rewards,2023-10-14T05:21:46Z,ADA,0.86711,0.2137859705,Coinbase,,,
2002a764-f753-5872-8f6b-b92def01a5dd,Rewards,2023-10-14T20:46:29Z,SOL,0.018154122,0.39866451912,Coinbase,,,
48b60406-8ec1-59f9-95f3-636a95bad63a,Rewards,2023-10-14T21:23:27Z,DOT,0.0504155519,0.18862978743385,Coinbase,,,
ba372ad0-6978-5a7f-b322-52d01cb230c5,Rewards,2023-10-15T18:54:50Z,ETH,0.001090101859,1.705567918082105,Coinbase,,,
88fdda6d-8f91-5891-9a97-6da7160b2540,Rewards,2023-10-15T20:41:42Z,DOT,0.0574601531,0.21596398542635,Coinbase,,,
85d5cb33-c77e-5550-bcec-35dab118484c,Rewards,2023-10-15T21:23:48Z,DOT,0.012211856,0.0459471082,Coinbase,,,
35e55eae-b985-58d5-a6c6-a1ea994af292,Rewards,2023-10-16T11:34:58Z,XTZ,0.389578,0.256731902,Coinbase,,,
,Reward,2023-10-16T16:00:00Z,CBETH,0.0001988913388481,0.3338193317248959032911719963167656,Coinbase,,,
bcc52f3a-2f23-54d3-9166-5581e9f55ca6,Rewards,2023-10-16T20:46:44Z,DOT,0.0121905067,0.0463726874868,Coinbase,,,
1ef977b6-674c-57e2-97d5-5724fe7e5df8,Rewards,2023-10-18T20:09:39Z,SOL,0.01788071,0.42386223055,Coinbase,,,
87a7c405-c3b6-5c10-96d1-6283e397f54c,Rewards,2023-10-18T20:30:18Z,DOT,0.0617883588,0.2259291339522,Coinbase,,,
6d4bd0f4-1e99-56a3-816f-b263abd6f24a,Rewards,2023-10-19T01:07:06Z,ATOM,0.210412,1.321597772,Coinbase,,,
,Reward,2023-10-19T16:00:00Z,CBETH,0.0002043053525079,0.338907600035443912507474817857025,Coinbase,,,
dda032c8-e614-5666-8ca2-beb33bd9e1d7,Rewards,2023-10-19T17:08:26Z,ETH,0.000895233448,1.40181472305252,Coinbase,,,
d606a2fc-c6ab-5ea4-8b51-eb0964b4a633,Rewards,2023-10-20T00:52:45Z,ADA,0.679689,0.16723747845,Coinbase,,,
07712994-363c-5e30-a5f9-028b9cfcb30d,Rewards,2023-10-20T03:11:06Z,SOL,0.017718709,0.448726305425,Coinbase,,,
f18693e6-a2a5-58e5-bcca-66bda384bbf6,Rewards,2023-10-20T04:59:10Z,DOT,0.0744989519,0.2766146084047,Coinbase,,,
f635a50c-b0ca-5fbd-b71c-a42d56df78a8,Rewards,2023-10-20T13:21:56Z,XTZ,0.395228,0.254329218,Coinbase,,,
ff5644e1-b7bf-59da-a21f-375ca44be578,Rewards,2023-10-20T13:55:33Z,DOT,0.1000349836,0.3755313284344,Coinbase,,,
be169dbd-43c0-5ba1-a597-15fa5fe2cfb4,Rewards,2023-10-20T16:57:42Z,SOL,0.017444782,0.46219949909,Coinbase,,,
e9bc34f1-8cde-5553-8c61-ded291fc38fe,Rewards,2023-10-20T21:10:51Z,DOT,0.0645805273,0.24020727129235,Coinbase,,,
c60225e6-499d-5125-ba75-e97d6b8a2469,Rewards,2023-10-21T15:45:48Z,ETH,0.001210131753,1.96352347846521,Coinbase,,,
43657425-2f25-5dcc-bd9c-0d887205da54,Rewards,2023-10-21T20:59:24Z,DOT,0.013643403,0.0533934576405,Coinbase,,,
efbe16e2-e04b-541d-a98c-f1078f2ca6b3,Rewards,2023-10-22T11:02:50Z,XTZ,0.396675,0.2616071625,Coinbase,,,
,Reward,2023-10-22T16:00:00Z,CBETH,0.0002048018729971,0.35380828152973555367850687257424,Coinbase,,,
fe206fa9-1990-5161-974e-15b295cc1f8d,Rewards,2023-10-22T20:48:45Z,DOT,0.0655654977,0.2542630000806,Coinbase,,,
89429dbf-f5db-5792-8b05-9ae8f5f5df02,Rewards,2023-10-23T21:07:16Z,DOT,0.0680422274,0.2864917984677,Coinbase,,,
102ef0a0-8dc0-5af5-85cc-8abf3dd5632d,Rewards,2023-10-24T00:46:11Z,ADA,0.863509,0.2421279236,Coinbase,,,
7d7e4429-e910-52f8-91ea-1a8144d57094,Rewards,2023-10-24T20:07:34Z,ETH,0.000869005624,1.54373200567044,Coinbase,,,
c479ac9a-cd64-5ea8-b70b-0a75f3a281cb,Rewards,2023-10-24T21:04:03Z,DOT,0.1111999513,0.46231379752975,Coinbase,,,
5c7dcb1d-96d4-50f8-bd26-3f18ccdf3bd3,Rewards,2023-10-25T13:13:54Z,ATOM,0.171695,1.21319687,Coinbase,,,
,Reward,2023-10-25T16:00:00Z,CBETH,0.0002520635514789,0.4851854933778333568271530067909142,Coinbase,,,
0cee974b-36ff-565b-9e1a-910f7445d855,Rewards,2023-10-25T23:48:09Z,SOL,0.017802398,0.57635263525,Coinbase,,,
65356028-77ac-5efc-9bf6-9c0ea6ae552f,Rewards,2023-10-26T00:30:54Z,DOT,0.0555475965,0.23954900990625,Coinbase,,,
0ce658ba-abeb-519d-a2d5-63c68caa80ae,Rewards,2023-10-26T01:08:41Z,ATOM,0.002753,0.019675691,Coinbase,,,
15a42e15-994d-5aa1-abde-9883700a459f,Unstake,2023-10-26T04:12:02Z,XTZ,18.38324,18.110260929647164775751,Coinbase,,,
1339a5c2-bea1-5247-95a4-e531ae832f67,Rewards,2023-10-26T17:48:39Z,SOL,0.017651616,0.54825919296,Coinbase,,,
72830862-3f99-5be3-a7fd-b2fb4d365bcb,Rewards,2023-10-26T21:12:22Z,DOT,0.0072287082,0.0305629782696,Coinbase,,,
3381ffce-5bf9-59b3-a01d-f6cae5981e7e,Rewards,2023-10-27T21:20:11Z,DOT,0.0490412303,0.20212343068145,Coinbase,,,
428b0ef8-f97f-5017-bc72-d358aae4741f,Rewards,2023-10-27T23:25:03Z,SOL,0.017594961,0.558903936165,Coinbase,,,
3fec4916-fa58-5c80-956c-da716c0d7962,Rewards,2023-10-28T10:48:27Z,XTZ,0.393567,0.2855328585,Coinbase,,,
,Reward,2023-10-28T16:00:00Z,CBETH,0.0002367309186031,0.450619115309345047032871628526243,Coinbase,,,
7d5282f2-3fe9-5f09-82dc-1d77a39d596d,Rewards,2023-10-28T20:37:53Z,DOT,0.0511675607,0.21329197677795,Coinbase,,,
7fbc991f-d5b5-5f98-8fa8-69242084159f,Rewards,2023-10-29T20:38:10Z,DOT,0.1189636642,0.5099972284254,Coinbase,,,
959939b8-0145-5166-89e2-436a3c840172,Rewards,2023-10-30T00:22:43Z,ADA,0.868982,0.2573924684,Coinbase,,,
ebfe06a0-7ebc-5fea-9d0e-2459a8e18cfa,Converted from,2023-10-30T03:08:12Z,,,,,CRPT,1920.3,96.58417692
fbf5f4eb-fbf2-5800-93d7-3a2080613d22,Advanced trade trade,2023-10-30T03:08:12Z,USDC,97.35921,97.35921,Coinbase,,,
164c28e7-a01e-5087-8bce-c6d94f332f1e,Converted from,2023-10-30T03:09:57Z,,,,,CRPT,5000,251.2335
dddeb8a1-3aa3-531d-bb6e-c0823fd43f8c,Advanced trade trade,2023-10-30T03:09:57Z,USDC,253.5,253.5,Coinbase,,,
f38f9a76-8e31-574c-a641-8f4b5af4569e,Converted from,2023-10-30T03:12:04Z,,,,,CRPT,1822.1,91.19227859
b0afbb55-0765-5785-8c73-d76dfd129f9c,Advanced trade trade,2023-10-30T03:12:04Z,USDC,92.38047,92.38047,Coinbase,,,
10f41513-6d9f-5daf-844d-1cdf500bafdd,Converted from,2023-10-30T03:35:06Z,,,,,USDC,443.2016330546112,443.2016330546112
5a51ec24-21ad-57d3-8056-21f21bdd75ca,Advanced trade trade,2023-10-30T03:35:07Z,LTC,6.44887298,443.2016330546112,Coinbase,,,
09e62f8e-a5b8-5c2b-ba1c-05dba92cff7e,Unstake,2023-10-30T16:11:58Z,SOL,1.304524371,28.07826344499,Coinbase,,,
,Reward,2023-10-31T16:00:00Z,CBETH,0.0002075813065709,0.395388456335677292804802880884303,Coinbase,,,
df80f177-876c-56bf-8542-c380501cc87c,Rewards,2023-10-31T20:38:43Z,DOT,0.0427296382,0.1900187010754,Coinbase,,,
eab295da-9df1-5bc0-87f3-0f8dd88d083a,Rewards,2023-11-01T02:14:55Z,ETH,0.000844594784,1.53179510702768,Coinbase,,,
451eb971-dd01-5359-b257-dfec6d594ef0,Rewards,2023-11-01T15:11:59Z,ATOM,0.143575,1.08973425,Coinbase,,,
d59f73c9-45c4-59c7-8e5b-b643ad6bc1b7,Unstake,2023-11-01T16:16:02Z,,,,,ETH2,0.04459201744,83.78680426519843112
db789cda-25e4-552d-87b8-3c1145ac0056,Unstake,2023-11-01T16:16:02Z,ETH,0.04459201744,83.78680426519843112,Coinbase,,,
0663b669-dfe5-56c9-b0ab-88113051533a,Rewards,2023-11-01T16:50:08Z,ATOM,0.019321,0.1477380265,Coinbase,,,
3b06f85c-566e-57e3-9df5-fc5a19ea0f6a,Rewards,2023-11-01T20:45:47Z,DOT,0.0603963165,0.2876676554895,Coinbase,,,
9c0a0751-1393-5298-87cb-5a33b2c0ed8a,Converted from,2023-11-02T09:21:02Z,,,,,ETH,0.0545324162,99.811772019184
000fd705-8c21-5cd9-8b27-4ef1f269dc79,Advanced trade trade,2023-11-02T09:21:02Z,CBETH,0.05183,99.8618976,Coinbase,,,
12132153-73fe-511a-bd3b-63143afec5e4,Rewards,2023-11-03T02:23:58Z,SOL,0.017338494,0.66883240605,Coinbase,,,
4d565e45-56ac-5c44-8806-68341d081bf2,Rewards,2023-11-03T02:49:54Z,DOT,0.0505050963,0.2278284894093,Coinbase,,,
78e127da-29af-56f1-95ac-4d4126c61d39,Buy,2023-11-03T03:17:37Z,USDC,300,300,Coinbase,,,
85ee2d0e-68aa-5f4c-a0b1-3883c03a1cbc,Send,2023-11-03T03:19:33Z,,,,,USDC,300,300
1ab62b93-96ab-5cdf-a774-ed55c0a8a10a,Rewards,2023-11-03T04:49:41Z,SOL,0.016920523,0.64501033676,Coinbase,,,
53192d4d-908c-5092-bf4b-9b31a90a52f5,Rewards,2023-11-03T05:33:07Z,ETH,0.001304312107,2.343281480512455,Coinbase,,,
08d0fbd5-fc1f-5ff2-8743-67b7d2355a54,Rewards,2023-11-03T09:17:53Z,ETH,0.000895956621,1.607574647012355,Coinbase,,,
654d4351-70e9-5aed-ae0f-84555f1218ba,Rewards,2023-11-03T12:08:49Z,SOL,0.016796434,0.6533812826,Coinbase,,,
,Reward,2023-11-03T16:00:00Z,CBETH,0.0002295267094572,0.4418297544624990984945750499995648,Coinbase,,,
8df74296-1b30-58b3-bda9-f6ccea6d5955,Unstake,2023-11-03T17:15:26Z,ADA,22.604932,8.5833479816719336429752,Coinbase,,,
1bab7197-71d7-5759-8fa1-97c0710b0730,Rewards,2023-11-03T19:36:21Z,SOL,0.01716953,0.6740757478,Coinbase,,,
98befa48-8005-51be-a51c-46592ce755d7,Rewards,2023-11-03T21:24:44Z,DOT,0.0999949091,0.4623764596784,Coinbase,,,
610d4b5a-0e13-5d2a-accf-bec9c0b9bda1,Rewards,2023-11-04T16:46:22Z,USDC,0.443362,0.443362,Coinbase,,,
52b03339-cef3-54e6-801b-c9ede02ccdaa,Rewards,2023-11-04T21:03:54Z,DOT,0.0390875598,0.1820698535484,Coinbase,,,
8f42b388-d194-5332-a54d-1b0cce28af2b,Rewards,2023-11-05T16:07:08Z,ETH,0.00116791314,2.1932766416973,Coinbase,,,
eb8826ca-1780-569f-b219-06836b9f6dc9,Rewards,2023-11-05T20:56:34Z,DOT,0.0040688694,0.0195041254689,Coinbase,,,
e651f6ef-5b35-5277-b859-50b02f1083f5,Rewards,2023-11-06T10:43:07Z,XTZ,0.399363,0.3264792525,Coinbase,,,
,Reward,2023-11-06T16:00:00Z,CBETH,0.0003815890606939,0.772578875033054532711455426974476,Coinbase,,,
e41f673d-72e0-5479-a869-6ea6d038fa97,Rewards,2023-11-06T18:47:22Z,SOL,0.017194965,0.692527215375,Coinbase,,,
51dadb56-a888-5b5c-af09-2ad2f9dc7a08,Rewards,2023-11-06T20:50:42Z,DOT,0.0584727368,0.2884752470028,Coinbase,,,
0b9f0333-fb62-5a84-ad81-00191b3644ee,Rewards,2023-11-07T20:58:03Z,DOT,0.0518207059,0.2581707567938,Coinbase,,,
f2b40385-fa8b-5e73-ba0d-b3a662fc1277,Rewards,2023-11-08T11:11:16Z,XTZ,0.397784,0.339309752,Coinbase,,,
c00c83f7-47ed-5fab-86c7-834a3cbcb80d,Rewards,2023-11-08T13:58:06Z,ATOM,0.221075,1.9064402625,Coinbase,,,
d802cc2b-4cb9-5187-97eb-3b8f4fe128d2,Rewards,2023-11-08T20:11:47Z,SOL,0.016735502,0.72406149403,Coinbase,,,
dd87a31b-2988-584e-80ae-153395f2314c,Rewards,2023-11-08T23:55:29Z,ADA,0.863483,0.3093859589,Coinbase,,,
c342b051-9739-55bb-8624-b2e44b1ba76d,Rewards,2023-11-09T01:49:03Z,DOT,0.0951639919,0.48452746475885,Coinbase,,,
,Reward,2023-11-09T16:00:00Z,CBETH,0.0002448648232204,0.5306282265409483859113241316278,Coinbase,,,
52f819a3-47de-5927-85ab-2135791a44ec,Rewards,2023-11-09T20:55:44Z,DOT,0.0569326154,0.2767209771517,Coinbase,,,
a4e4bb6c-3055-5657-b47d-4673d567e2a3,Rewards,2023-11-10T18:24:36Z,SOL,0.017190427,0.925102829005,Coinbase,,,
ecaca639-bc66-5993-8ed1-3853e9a962a0,Rewards,2023-11-11T15:22:52Z,ETH,0.001267766067,2.634005863254225,Coinbase,,,
070e5c36-e19d-58cf-bc75-3edde1d37732,Rewards,2023-11-11T20:49:54Z,DOT,0.0559213258,0.3143337723218,Coinbase,,,
d0fd1dbc-172a-5d50-b581-8538992876fa,Rewards,2023-11-11T20:56:01Z,DOT,0.0041349498,0.0231743261541,Coinbase,,,
,Reward,2023-11-12T16:00:00Z,CBETH,0.0002436652406854,0.5329167529482364127081501020132442,Coinbase,,,
8d9c4ee9-7ae9-5efb-a06a-d7067c2f4b09,Rewards,2023-11-12T21:03:14Z,DOT,0.047006092,0.27099012038,Coinbase,,,
c0bebca9-a5a2-5e75-a927-71faa05ea9dc,Rewards,2023-11-14T15:38:09Z,ETH,0.001176703995,2.394998592703275,Coinbase,,,
23f6eebc-470a-570d-bb10-e14a93c389d0,Rewards,2023-11-15T00:05:42Z,SOL,0.017152443,0.975202146765,Coinbase,,,
68265777-4f98-5874-9ebc-462e735af099,Rewards,2023-11-15T01:24:11Z,DOT,0.1446474522,0.7573740597192,Coinbase,,,
078ac2fb-a882-5743-a2cf-3dddfacb6476,Rewards,2023-11-15T15:32:31Z,ATOM,0.204211,1.9462329355,Coinbase,,,
,Reward,2023-11-15T16:00:00Z,CBETH,0.0002609894178595,0.559455976606215901934081336540067,Coinbase,,,
75791add-1c18-5be7-8d2f-9c799df797b7,Rewards,2023-11-15T17:04:08Z,SOL,0.016856848,1.0413317852,Coinbase,,,
f8155909-81a7-5b06-92cd-4af936544841,Rewards,2023-11-15T23:27:19Z,DOT,0.0438369246,0.2430099915201,Coinbase,,,
c32b1ee6-34b9-50b2-b922-5fcfa9c6b36e,Rewards,2023-11-16T05:48:47Z,ADA,0.889838,0.3402295593,Coinbase,,,
b88b53f6-3992-5a9d-bb6d-3c0070547cb6,Unstake,2023-11-16T18:01:26Z,ATOM,4.74262,55.5887267811292264248866,Coinbase,,,
c0171606-6055-50e1-b5b8-af81d3425cd6,Rewards,2023-11-17T11:29:12Z,XTZ,0.396346,0.334516024,Coinbase,,,
6a70788b-0e00-58d1-97e0-34b16da00573,Buy,2023-11-17T17:02:20Z,USDC,500,500,Coinbase,,,
bdcfa55b-92ed-50c1-bcfc-b5c069232316,Rewards,2023-11-17T17:27:16Z,SOL,0.016997566,0.95900267372,Coinbase,,,
b3570de0-f696-5226-887b-eb1599e5dc70,Send,2023-11-17T19:22:11Z,,,,,USDC,500,500
ba4bbe04-04a3-5c5b-ab22-da18da4da184,Rewards,2023-11-18T01:04:58Z,DOT,0.0541467044,0.2810484691882,Coinbase,,,
978ab4a3-0e7d-55f2-9ed0-280b97084afc,Rewards,2023-11-18T03:23:14Z,DOT,0.0139499115,0.07183506926925,Coinbase,,,
23cd785e-516d-5fff-8cc5-9048a0ad515e,Rewards,2023-11-18T04:33:12Z,ETH,0.000936679875,1.817360343673125,Coinbase,,,
9fcd7563-fb28-5d09-be96-280a0c8a0b33,Rewards,2023-11-18T09:16:53Z,ADA,1.720215,0.6146328195,Coinbase,,,
,Reward,2023-11-18T16:00:00Z,CBETH,0.0002417779924336,0.5021028435331356709825964654895,Coinbase,,,
a2502bc9-b2cf-50a7-ae5f-39b25591dafb,Rewards,2023-11-18T20:49:49Z,DOT,0.0422556771,0.2217577934208,Coinbase,,,
f3029423-e3a6-5016-8090-1adf7226254a,Buy,2023-11-19T04:18:04Z,USDC,500,500,Coinbase,,,
8aca8015-8c0c-5c42-80e0-a598289b4eef,Converted from,2023-11-19T04:23:20Z,,,,,USDC,239.4689876592,239.4689876592
177686e9-efa0-58fa-8610-9f9bc71e47d4,Advanced trade trade,2023-11-19T04:23:20Z,CBETH,0.11544,239.5160213784,Coinbase,,,
99ddb91d-14fb-59e6-aec2-5fa30dd511da,Converted from,2023-11-19T04:23:40Z,,,,,USDC,78.5783545784,78.5783545784
8b893423-1e73-53b6-bbc4-c7f85631dc94,Advanced trade trade,2023-11-19T04:23:40Z,CBETH,0.03788,78.5899772988,Coinbase,,,
c92729d0-a68b-5880-a448-77dfda0bdbbe,Converted from,2023-11-19T04:24:57Z,,,,,USDC,0.9957130464,0.9957130464
8099d137-e14a-5bf5-8ccf-99f68f392216,Advanced trade trade,2023-11-19T04:24:57Z,CBETH,0.00048,0.9958265232,Coinbase,,,
dfdecc8c-dc2b-5e63-8ccc-6fc7c0a29b64,Converted from,2023-11-19T04:30:24Z,,,,,USDC,0.622320654,0.622320654
26f13ecd-a978-531b-b561-2f619db342b6,Advanced trade trade,2023-11-19T04:30:24Z,CBETH,0.0003,0.622353852,Coinbase,,,
9e7bb5b2-7a71-53ba-aed2-6382e0670684,Converted from,2023-11-19T04:31:45Z,,,,,USDC,179.7884369406,179.7884369406
4e177b1d-cc82-517f-a684-1bcd7fb69063,Advanced trade trade,2023-11-19T04:31:45Z,CBETH,0.08667,179.8132860963,Coinbase,,,
70830911-7566-5418-a5b6-4c159cd3a136,Rewards,2023-11-20T17:44:24Z,ETH,0.001297420492,2.64558309944212,Coinbase,,,
b9746d79-37de-51c8-9b2a-f0ced2a177e3,Rewards,2023-11-20T20:40:00Z,DOT,0.1436033748,0.7691396754288,Coinbase,,,
,Reward,2023-11-21T16:00:00Z,CBETH,0.0002816425139102,0.59724905242487510163817607979016,Coinbase,,,
022f1565-46be-5d02-bff5-8eeeaa2bdec3,Rewards,2023-11-21T21:11:19Z,SOL,0.017277267,0.942388528515,Coinbase,,,
c6bd2372-8f43-562a-9deb-0b462cb7d1b1,Rewards,2023-11-21T23:22:56Z,DOT,0.0467235567,0.22845483048465,Coinbase,,,
c2e6aab1-3696-5454-8d79-4a1526994352,Rewards,2023-11-22T18:39:22Z,ATOM,0.141212,1.249938018,Coinbase,,,
2cd4cef2-1418-5e58-9df0-5ff9f48c400c,Rewards,2023-11-22T20:42:38Z,ADA,0.872386,0.3330333555,Coinbase,,,
61ca068a-d33d-53aa-a065-442139263e8f,Rewards,2023-11-23T02:10:37Z,DOT,0.0134137336,0.069684346052,Coinbase,,,
35a0d350-979b-5c5c-8e29-48eed899bf8f,Rewards,2023-11-23T03:34:08Z,SOL,0.017366833,1.005279128205,Coinbase,,,
c50b6cfa-14b5-50e8-9032-0e26eca8c4d1,Rewards,2023-11-23T07:10:51Z,ETH,0.000860768742,1.77874847843703,Coinbase,,,
03525096-5ac3-5c5b-a819-b4ec8e54e851,Unstake,2023-11-23T14:01:10Z,DOT,6.6538243402,35.7963860515413348,Coinbase,,,
b228a79f-c32f-58fb-84c5-ac1c521f5586,Rewards,2023-11-23T14:57:05Z,XTZ,0.391028,0.313604456,Coinbase,,,
dfe2e7c6-ba6e-5508-a43f-02d2c7e43dd4,Rewards,2023-11-23T17:34:40Z,ETH,0.000933493271,1.920676407481565,Coinbase,,,
1cbfd810-be53-54a4-b210-3c680ff075cd,Rewards,2023-11-23T19:26:42Z,SOL,0.017298245,0.973112772475,Coinbase,,,
b2e5ff1f-5b9c-552c-a923-ab3be80778bd,Rewards,2023-11-24T01:58:05Z,DOT,0.0498882898,0.2572739104986,Coinbase,,,
,Reward,2023-11-24T16:00:00Z,CBETH,0.000295083315454,0.6648617714415088501907823359100384,Coinbase,,,
7328628c-f9bf-531c-9f62-bee7cd142ec4,Rewards,2023-11-24T21:07:44Z,DOT,0.0448123203,0.23492858917275,Coinbase,,,
e627dd24-b1f5-5b1a-8ff9-624b3aef43f2,Rewards,2023-11-25T12:26:24Z,XTZ,0.398096,0.33041968,Coinbase,,,
84e37edc-8498-5760-abc2-9c324a977ec2,Rewards,2023-11-25T21:08:36Z,DOT,0.0993310948,0.5301300529476,Coinbase,,,
d3781aa8-f4a9-5104-9fea-858750f11c0e,Rewards,2023-11-26T16:29:23Z,ETH,0.000876563818,1.79472935480228,Coinbase,,,
2f28a2d2-f40e-5853-b885-4771ab4335e1,Rewards,2023-11-26T20:46:19Z,DOT,0.042527508,0.227756069094,Coinbase,,,
,Reward,2023-11-27T16:00:00Z,CBETH,0.0002916651585425,0.6229996815249549581210665762666656,Coinbase,,,
bd5a5b71-9f0b-5b9c-8ae5-5b16c4a8b11c,Rewards,2023-11-30T03:08:05Z,XTZ,0.39961,0.32927864,Coinbase,,,
3881ab6e-987d-561c-bcf7-97509cdcc065,Rewards,2023-11-30T04:07:23Z,DOT,0.0113217452,0.0586692836264,Coinbase,,,
673ad3bf-7be3-5127-b8b3-8de16ab11e0c,Rewards,2023-11-30T05:27:49Z,SOL,0.017294903,1.042277329295,Coinbase,,,
784b93ac-a08a-5371-a3d7-0a23aa22c3b0,Rewards,2023-11-30T07:32:55Z,DOT,0.0120523483,0.0623588501042,Coinbase,,,
71f691b7-74c0-55e1-a072-4b2988706f36,Rewards,2023-11-30T11:57:46Z,ATOM,0.282344,2.638081164,Coinbase,,,
,Reward,2023-11-30T16:00:00Z,CBETH,0.0003000473460534,0.6467000578293454207709677888390962,Coinbase,,,
8ce1d8b1-f7e3-597f-9abb-01fa0c4a35f1,Rewards,2023-11-30T16:22:24Z,SOL,0.017110573,1.01671024766,Coinbase,,,
3f2fbc0b-b90d-5d0c-80c0-3f30374aed57,Rewards,2023-11-30T16:38:34Z,DOT,0.0485090306,0.2643257077394,Coinbase,,,
a03ee891-dfde-5d38-b53f-a9191997353b,Rewards,2023-11-30T19:43:58Z,SOL,0.017215601,1.029923329825,Coinbase,,,
076e9e69-0809-5155-b53b-8d956b69e658,Rewards,2023-12-01T03:15:03Z,ETH,0.001115208117,2.329039663826895,Coinbase,,,
1499cf19-3258-5c36-8e62-34bcfcd5c611,Buy,2023-12-01T18:00:35Z,USDC,500,500,Coinbase,,,
219a6aa5-68ff-5173-a27c-41dfa8f443f1,Send,2023-12-01T18:07:40Z,,,,,USDC,500,500
682fe777-88e8-5826-93bf-a83ad79281dd,Rewards,2023-12-01T20:40:57Z,DOT,0.0566233246,0.3090784173291,Coinbase,,,
da021a7d-d424-5320-b810-769fc0d1396e,Rewards,2023-12-02T17:41:56Z,SOL,0.017099329,1.055627075815,Coinbase,,,
2b3e9453-5931-5f11-9af0-03d80d79fa4a,Rewards,2023-12-02T18:59:20Z,ETH,0.000886971586,1.90709091163239,Coinbase,,,
cc434237-d329-5999-8d8a-a52cac1484ab,Rewards,2023-12-02T23:06:06Z,ADA,0.843031,0.33312369965,Coinbase,,,
54663c13-091d-5793-aebf-6833d556d6bb,Rewards,2023-12-03T00:46:37Z,DOT,0.0561864281,0.31309887058725,Coinbase,,,
,Reward,2023-12-03T16:00:00Z,CBETH,0.0003063679524314,0.7036470745308060809677051915862784,Coinbase,,,
a4392f26-fa4c-5e48-8317-fec87bbab303,Rewards,2023-12-03T20:54:07Z,DOT,0.088152285,0.48430865379,Coinbase,,,
1a176e25-bdfe-5a78-b26c-efd5758500ef,Rewards,2023-12-04T15:38:34Z,XTZ,0.39037,0.33649894,Coinbase,,,
7f06f133-fd92-5510-bea9-fc0d84d96296,Rewards,2023-12-04T17:42:58Z,XTZ,0.397007,0.342617041,Coinbase,,,
688ec108-481d-51eb-a46d-805ce16fdbcd,Rewards,2023-12-05T00:42:42Z,USDC,0.001668,0.001668,Coinbase,,,
e6a57402-b905-5c8f-bb06-7a95f7f29787,Rewards,2023-12-05T01:51:45Z,XTZ,0.384525,0.335690325,Coinbase,,,
5780049e-2045-5568-a1e7-6e6bacd35576,Rewards,2023-12-05T04:54:08Z,DOT,0.0384438415,0.21526629047925,Coinbase,,,
733832b4-e191-576a-8b3e-16eee52450dd,Rewards,2023-12-05T05:04:43Z,XTZ,0.389891,0.340374843,Coinbase,,,
a1607f7d-c117-5336-8f09-6578b18d4666,Rewards,2023-12-05T05:48:27Z,SOL,0.017360675,1.049192393625,Coinbase,,,
a25d2d5a-4697-589e-bcdc-f2a28ba6e8a4,Rewards,2023-12-05T11:17:24Z,XTZ,0.393642,0.341090793,Coinbase,,,
4ebe19ff-f8b9-58ad-ae40-fd5554cd104a,Rewards,2023-12-05T20:53:00Z,DOT,0.0102035896,0.0590481730152,Coinbase,,,
398a5e85-e4b2-5d28-8d98-0db27b2af8b2,Rewards,2023-12-05T21:01:08Z,DOT,0.0571263251,0.33010446959035,Coinbase,,,
,Reward,2023-12-06T16:00:00Z,CBETH,0.0003274052897521,0.7837255230971734396963977436519128,Coinbase,,,
3770f3c2-aaa9-5457-a5e5-4866c0e29ff3,Rewards,2023-12-06T20:51:23Z,DOT,0.0119979947,0.07258186893765,Coinbase,,,
b8a8d6b9-ff4c-5207-9777-8e83020d4cce,Rewards,2023-12-07T13:14:44Z,XTZ,0.390263,0.3549441985,Coinbase,,,
bb319fa2-d726-51b2-9ccf-df01becf9a15,Rewards,2023-12-07T14:03:01Z,ATOM,0.176577,1.704850935,Coinbase,,,
9918f66a-609a-5011-9958-8e7ebd8a05a2,Rewards,2023-12-08T00:29:41Z,DOT,0.0461682628,0.2888517362082,Coinbase,,,
fd07e1f6-7dc9-57e9-8499-9841a80a2b55,Rewards,2023-12-08T02:44:34Z,SOL,0.017374452,1.20517886298,Coinbase,,,
64ffb156-75c0-5dad-92be-6f85e5d45cb1,Rewards,2023-12-08T05:38:59Z,ETH,0.00124294607,2.9498714784703,Coinbase,,,
a2ba2ae6-ff50-55c6-aeb8-21d04af42b5d,Rewards,2023-12-08T08:54:12Z,ADA,0.871881,0.4209441468,Coinbase,,,
329d12d2-baa2-56c7-afec-9c35a6706ea6,Rewards,2023-12-08T15:20:40Z,ETH,0.000913504827,2.15821909912539,Coinbase,,,
a82a567f-9b84-5c53-b553-a0a20b8f995e,Rewards,2023-12-08T22:03:36Z,DOT,0.0541901537,0.364699734401,Coinbase,,,
,Reward,2023-12-09T16:00:00Z,CBETH,0.000353569274719,0.8887882228031838957769936789746039,Coinbase,,,
55602caa-c48c-5788-bafc-3cb23e24ef72,Rewards,2023-12-09T19:52:06Z,SOL,0.01734145,1.28456790875,Coinbase,,,
0582c0f3-2f8f-5bae-a88a-ddb58d0a259b,Rewards,2023-12-09T21:21:51Z,DOT,0.0913425927,0.65990456096115,Coinbase,,,
d39b4d3c-a2c4-5372-8d96-506c36374935,Rewards,2023-12-10T12:14:00Z,XTZ,0.392255,0.376172545,Coinbase,,,
07533081-0b7c-5ce9-807f-d9fe6b6048f6,Rewards,2023-12-10T20:49:04Z,DOT,0.0519862043,0.3786155259169,Coinbase,,,
c7e37d6d-ed51-539f-9c6a-c8e26269d33f,Rewards,2023-12-11T18:23:01Z,SOL,0.017195464,1.188636449,Coinbase,,,
875c43b7-485c-55dd-8e7d-a1f664e2fc56,Rewards,2023-12-11T21:22:19Z,ETH,0.001042696824,2.3004238005294,Coinbase,,,
d64cf740-4533-504e-901d-e5fb3b068e93,Rewards,2023-12-11T23:50:57Z,DOT,0.0100184431,0.06710854110535,Coinbase,,,
,Reward,2023-12-12T16:00:00Z,CBETH,0.0003342483133501,0.7779021346819326388678986662296776,Coinbase,,,
ec4ec52f-e006-5e6e-8f4d-9e42967d7387,Rewards,2023-12-12T21:19:23Z,DOT,0.0501173486,0.3552067082025,Coinbase,,,
0de3ea16-a629-54d7-8702-f476e1a37009,Rewards,2023-12-12T22:14:44Z,ADA,0.850818,0.4804143837,Coinbase,,,
eed5c2c7-b7fe-5f8f-9e1a-8450b58b8219,Rewards,2023-12-13T11:26:53Z,XTZ,0.400398,0.354752628,Coinbase,,,
9bdb3452-ea23-5d93-9d1a-94f48d3753fb,Rewards,2023-12-13T15:28:02Z,ADA,0.863961,0.537383742,Coinbase,,,
4274b5e2-dc6c-5515-a7fa-a9cc71f26d26,Rewards,2023-12-13T18:31:17Z,SOL,0.017091876,1.15532535822,Coinbase,,,
0d8b6120-acb7-53fa-84b2-15c3f4ef1d48,Rewards,2023-12-13T21:43:58Z,DOT,0.0576218696,0.4219073292112,Coinbase,,,
b8941f85-ef5b-5c0f-9396-9dc812d79414,Rewards,2023-12-14T00:55:42Z,DOT,0.0519850843,0.3899401173343,Coinbase,,,
1a10cf4b-bb11-596f-8e33-b6a2260ebb3d,Rewards,2023-12-14T06:12:42Z,ADA,0.85133,0.558642746,Coinbase,,,
14a4d4ed-83de-55aa-885b-9deae8d923be,Rewards,2023-12-14T13:51:28Z,ATOM,0.124672,1.420512768,Coinbase,,,
e0f268db-cf40-58ba-bcd0-3161931d091e,Rewards,2023-12-14T15:56:05Z,ETH,0.001288607975,2.932594700385375,Coinbase,,,
cbf6c6fd-8ed0-5b20-96b2-ca4a8cb9fa0c,Rewards,2023-12-14T20:54:06Z,DOT,0.0788539176,0.5810745187944,Coinbase,,,
,Reward,2023-12-15T16:00:00Z,CBETH,0.0003338524924443,0.7911735809369716370349905720897013,Coinbase,,,
b0ca10a9-1483-56a4-bca0-4c4f8198e6c8,Rewards,2023-12-15T20:25:33Z,DOT,0.0407609949,0.28689626260365,Coinbase,,,
426e488f-36ab-58cd-82ef-36c5c6b868d4,Rewards,2023-12-15T21:19:45Z,DOT,0.0391334471,0.2760473358434,Coinbase,,,
193b9cbf-61d4-5323-bc1e-882840ac5ea4,Rewards,2023-12-16T11:28:49Z,XTZ,0.408741,0.380946612,Coinbase,,,
497c1942-1396-50a6-b3d2-e5ac653b7464,Rewards,2023-12-16T16:56:07Z,SOL,0.016887918,1.28981473725,Coinbase,,,
789d1b36-211e-56a4-b7d6-e8782f702884,Rewards,2023-12-16T22:07:17Z,DOT,0.0169640878,0.1189267375219,Coinbase,,,
25466f85-f145-5bae-a1f3-17d59660351b,Rewards,2023-12-16T22:13:30Z,DOT,0.0542739593,0.38276709796325,Coinbase,,,
1125f6c9-bb6f-5749-a087-4f657e11fad6,Rewards,2023-12-17T17:58:29Z,ETH,0.000928933539,2.062980248078895,Coinbase,,,
82a42f05-4c81-587a-bc8b-d42507f5e15e,Rewards,2023-12-17T21:31:18Z,ADA,0.846571,0.50053510375,Coinbase,,,
fd78c1ea-ddb0-5778-a9e1-6bd7e3e8d593,Rewards,2023-12-17T21:51:30Z,DOT,0.0123381134,0.0845099077333,Coinbase,,,
,Reward,2023-12-18T16:00:00Z,CBETH,0.0003729863875822,0.853390582298623972889668504036965,Coinbase,,,
fe700c5b-ac28-5dd4-b508-2c13ed8f89af,Rewards,2023-12-18T17:36:50Z,SOL,0.017239259,1.23812358138,Coinbase,,,
ada4b694-8d3e-5335-a014-681f0eb51e4b,Buy,2023-12-18T20:27:37Z,USDC,500,500,Coinbase,,,
93221eb8-1c77-57f5-bdc3-01777c94c75b,Send,2023-12-18T20:29:13Z,,,,,USDC,500,500
d58f8999-e762-56de-80a3-bad7431f5d67,Rewards,2023-12-18T20:57:53Z,DOT,0.0515097805,0.34915904711925,Coinbase,,,
051582ce-af0d-5e70-9e4b-f4ceb90e9601,Rewards,2023-12-19T11:49:22Z,XTZ,0.40425,0.362814375,Coinbase,,,
99413f2e-c88f-5922-8b90-ad6553758c7e,Rewards,2023-12-19T20:44:18Z,DOT,0.052792847,0.353078560736,Coinbase,,,
b1d08447-7561-5528-aefa-347eff94cb57,Rewards,2023-12-20T19:37:32Z,SOL,0.017224658,1.40906314769,Coinbase,,,
f198621f-0ee2-5b0e-9446-4ac11a60652f,Rewards,2023-12-20T21:10:20Z,DOT,0.0834076594,0.5757213690085,Coinbase,,,
0740d5fe-8562-5285-8195-c2c9af42a8e0,Rewards,2023-12-21T14:30:05Z,ATOM,0.149998,1.605878588,Coinbase,,,
6d1dbfcb-8b62-5068-9b70-e5b09486ac3b,Rewards,2023-12-21T14:58:03Z,ATOM,0.015324,0.164112378,Coinbase,,,
,Reward,2023-12-21T16:00:00Z,CBETH,0.0003127636895018,0.740110020941068112739315027449907,Coinbase,,,
6d32b541-2b5b-5c9c-851e-bd9422e801b2,Rewards,2023-12-21T22:46:58Z,ETH,0.000942263669,2.114632837288145,Coinbase,,,
c1d4b657-2906-5679-94ae-9f2f31c194fc,Rewards,2023-12-21T23:29:55Z,DOT,0.0460314564,0.3837642520068,Coinbase,,,
bb8ce1b2-4a9b-5055-a4e6-4ddf33fc07b8,Rewards,2023-12-22T10:52:59Z,XTZ,0.400937,0.386904205,Coinbase,,,
883ffd7c-13f8-5057-b0a0-e7167d59493e,Rewards,2023-12-22T20:52:09Z,DOT,0.021119269,0.168954152,Coinbase,,,
d3e7eb32-eb51-5d51-93b2-ba4b01ed475e,Rewards,2023-12-22T22:41:29Z,ADA,0.844526,0.5254640772,Coinbase,,,
81bf34a2-89a3-57e1-be6b-7d173d78dbbe,Rewards,2023-12-23T17:50:08Z,ETH,0.001358334363,3.11768977998849,Coinbase,,,
bed08494-f65d-5c9d-9d10-7785b66711aa,Rewards,2023-12-23T21:12:57Z,DOT,0.0573684846,0.4583168234694,Coinbase,,,
bb69a3d2-ae06-5950-b782-8a8a7f167eb1,Rewards,2023-12-24T10:56:07Z,XTZ,0.398146,0.390581226,Coinbase,,,
,Reward,2023-12-24T16:00:00Z,CBETH,0.0003021398052652,0.736832408074459558063098160533176,Coinbase,,,
a581b52b-e113-59da-aeb1-33f036694ae1,Rewards,2023-12-24T23:53:44Z,SOL,0.000110833,0.012477024975,Coinbase,,,
417311aa-2c7c-5de8-b13d-96fa530f1a79,Rewards,2023-12-25T00:11:30Z,SOL,0.017484945,1.970116177875,Coinbase,,,
4992330a-f785-504b-b99a-6a620f745076,Rewards,2023-12-25T21:11:29Z,DOT,0.0769190352,0.6956557543488,Coinbase,,,
bb6221ee-6270-5ca3-9077-55e1090a154b,Rewards,2023-12-26T20:56:52Z,DOT,0.0512471017,0.444824842756,Coinbase,,,
df979c76-9fb2-5d63-89f8-1e587410145b,Rewards,2023-12-26T21:36:51Z,DOT,0.0443767469,0.388296535375,Coinbase,,,
5ff0ec2a-1f0b-5de4-a08d-8632cd4a925f,Rewards,2023-12-27T11:29:06Z,XTZ,0.39722,0.43058648,Coinbase,,,
651f69eb-f471-5cbd-ad3c-4e50b5532065,Rewards,2023-12-27T15:22:38Z,ETH,0.001020275191,2.391275080282205,Coinbase,,,
,Reward,2023-12-27T16:00:00Z,CBETH,0.0002699436384527,0.672372357490850063000745343587893,Coinbase,,,
9414a4dc-9289-5fc9-89a3-7f1a5ac5fb92,Rewards,2023-12-28T00:00:46Z,ADA,0.848675,0.5374658775,Coinbase,,,
0fc62d31-2ca6-5cd2-aae5-727fc4ac80cf,Rewards,2023-12-28T00:26:08Z,DOT,0.0494380253,0.4320389030967,Coinbase,,,
17d3899b-e70e-5f03-8a82-4991ca2ea4c0,Rewards,2023-12-28T00:31:54Z,DOT,0.0163357796,0.1432484513124,Coinbase,,,
142bc0db-e348-5d7e-92cb-ca109b53e7ac,Rewards,2023-12-28T17:03:28Z,ATOM,0.001283,0.014610804,Coinbase,,,
fc741605-ea90-5ad2-a856-66c77d5faa4d,Rewards,2023-12-28T17:11:33Z,ATOM,0.188135,2.1448330675,Coinbase,,,
438af3ab-3ce7-5d19-aaea-01202ee5b346,Rewards,2023-12-28T17:43:28Z,SOL,0.017330784,1.7391441744,Coinbase,,,
8a32b1d3-02d9-55b8-870d-900cf5487f09,Rewards,2023-12-28T22:24:20Z,DOT,0.0111783539,0.093786389221,Coinbase,,,
282169c0-ccf1-565b-b56b-860b51b43a73,Rewards,2023-12-28T22:44:15Z,SOL,0.000000004,0.00000040814,Coinbase,,,
aff4330e-3705-5304-a69d-29fc7fa008a7,Rewards,2023-12-29T02:01:20Z,SOL,0.017210027,1.772374630595,Coinbase,,,
4a53158a-f2b0-5bd3-bf5e-97275b669afb,Rewards,2023-12-29T17:04:46Z,ETH,0.001110578251,2.558278082982305,Coinbase,,,
76c49d3d-99df-5a06-937b-fa5fb19318ab,Rewards,2023-12-29T22:35:23Z,SOL,0.017154765,1.806139433025,Coinbase,,,
6b36bf7d-f766-5b94-9351-01779e6158d0,Rewards,2023-12-30T00:09:54Z,DOT,0.053927983,0.4481145747385,Coinbase,,,
a3c0dd9f-9d39-5853-b4b6-a28afd8c1b53,Rewards,2023-12-30T11:00:52Z,XTZ,0.395194,0.400726716,Coinbase,,,
,Reward,2023-12-30T16:00:00Z,CBETH,0.0002863867936468,0.7041330088146242933396989034199186,Coinbase,,,
1f1835ab-63ce-5772-b55d-8b576975d384,Rewards,2023-12-30T20:41:54Z,DOT,0.0425079218,0.3529220207445,Coinbase,,,
5c43aa9c-743e-5d49-bbc3-430b74dfb847,Rewards,2023-12-31T21:16:29Z,DOT,0.0973168658,0.8152233848066,Coinbase,,,
cf32ef65-aaca-5d2e-80f5-ded3cae3ceef,Rewards,2024-01-01T19:42:19Z,SOL,0.017231008,1.86896128272,Coinbase,,,
32b66ddf-842c-5f6a-a75c-5e87dfbf8cd0,Rewards,2024-01-01T21:58:51Z,ETH,0.000722752929,1.689120574013385,Coinbase,,,
ac1f06fc-5f55-54a3-b580-c0bab3a6cc5a,Rewards,2024-01-02T00:49:30Z,ADA,0.85623,0.5389539735,Coinbase,,,
2acfb1d7-a321-5e8a-917a-5d2bd4bacd68,Rewards,2024-01-02T02:14:57Z,DOT,0.0502764747,0.43451443259475,Coinbase,,,
55dcc81b-3412-52b3-bc65-4cb19aea824f,Rewards,2024-01-02T10:58:13Z,XTZ,0.404678,0.44109902,Coinbase,,,
,Reward,2024-01-02T16:00:00Z,CBETH,0.0002631690310304,0.6617366667867325248593255195355168,Coinbase,,,
3f937dae-e23e-5f78-9b4f-62ee7ebe76f3,Rewards,2024-01-04T05:59:13Z,DOT,0.012791565,0.098533425195,Coinbase,,,
82f06507-8cba-5612-a4a2-0ae10c9cc7cc,Rewards,2024-01-04T06:22:43Z,DOT,0.0427959507,0.32933623861185,Coinbase,,,
a5546c40-d7c3-59a3-8f00-a24aa98ef5b4,Rewards,2024-01-04T16:00:59Z,SOL,0.017282751,1.7922212787,Coinbase,,,
6e5091fe-1e2d-5c17-a615-b99b5316f927,Rewards,2024-01-04T16:24:05Z,ATOM,0.190243,1.947137105,Coinbase,,,
026f379d-60ef-5a44-b562-ac5793b3ba88,Rewards,2024-01-04T21:01:37Z,USDC,0.004347,0.004347,Coinbase,,,
f3d37c94-b63a-5036-8016-4879526ba46a,Rewards,2024-01-05T02:26:42Z,ETH,0.000945326313,2.11746476827809,Coinbase,,,
85063c5f-27cc-52ee-8aea-b5344b716eb6,Rewards,2024-01-05T05:04:21Z,DOT,0.0554668783,0.42817656703685,Coinbase,,,
ea78ad42-fd71-567d-ae7a-f23289426a1b,Rewards,2024-01-05T20:19:28Z,SOL,0.017529115,1.724952561575,Coinbase,,,
6119606a-7cec-5918-8f77-7fee46237220,Rewards,2024-01-05T21:42:53Z,DOT,0.0499358228,0.3655052549846,Coinbase,,,
bd5cd8ad-33dc-566b-b350-1e2e02c3eedf,Rewards,2024-01-06T11:22:24Z,XTZ,0.403392,0.366683328,Coinbase,,,
,Reward,2024-01-06T16:00:00Z,CBETH,0.0004077570012702,0.9743342019573831941026494429676008,Coinbase,,,
64fe5a65-2fec-575b-aa9d-1a20f438ed6e,Rewards,2024-01-07T01:39:52Z,ADA,0.835947,0.44016789285,Coinbase,,,
acb9e40e-1f11-58c7-abcb-627e11e6ee43,Rewards,2024-01-07T21:22:24Z,SOL,0.01767693,1.66154303535,Coinbase,,,
2607b8fe-8c56-5a03-b0da-bf4a6992313d,Rewards,2024-01-07T21:52:46Z,ETH,0.001012525326,2.26630506142602,Coinbase,,,
7a3a30a6-df20-51b4-851f-31bf929335ce,Rewards,2024-01-08T00:41:01Z,DOT,0.1358809001,0.94376079164455,Coinbase,,,
93cfed56-6b83-5247-8e27-54fc4f0fd382,Rewards,2024-01-08T11:47:19Z,XTZ,0.201846,0.177523557,Coinbase,,,
1078d1e4-f4ab-5fca-b7aa-7b542e62573a,Rewards,2024-01-08T20:45:14Z,DOT,0.0526774686,0.3910775268864,Coinbase,,,
6787b1d2-ff66-5b2e-86db-d608fb030088,Rewards,2024-01-10T15:24:42Z,ETH,0.000971277423,2.36092288318302,Coinbase,,,
59dcc1a9-d25c-59de-92ec-30790274fe58,Rewards,2024-01-10T18:01:12Z,SOL,0.017835015,1.727767078125,Coinbase,,,
f8e227e5-27f8-5c43-94d8-81a137af8013,Rewards,2024-01-12T18:03:23Z,DOT,0.0510447524,0.399552799411,Coinbase,,,
93c54d55-6d86-52da-b327-4ab8ddf7dc13,Rewards,2024-01-12T18:04:29Z,DOT,0.0095986789,0.07513365908975,Coinbase,,,
e87b6ec6-5111-5243-a234-5b1f9d7c14d3,Rewards,2024-01-13T17:36:59Z,DOT,0.1195207829,0.921505236159,Coinbase,,,
533278d9-06ed-5700-8fc6-0286871ddcb7,Rewards,2024-01-13T19:26:41Z,DOT,0.0538647421,0.4113650354177,Coinbase,,,
6cca3242-6c02-5648-8efc-a6f31ba6cc8d,Rewards,2024-01-13T20:53:27Z,ETH,0.001025348827,2.64289812252212,Coinbase,,,
249f7c68-8444-56bb-9ff6-9e40f2e05b21,Rewards,2024-01-14T05:43:35Z,ADA,0.828187,0.45198305525,Coinbase,,,
4e362921-5c71-5906-9c8f-91826fb22826,Rewards,2024-01-14T08:19:52Z,SOL,0.017752656,1.73106148656,Coinbase,,,
5019ebd9-3282-5aed-a421-5f5df098dbea,Rewards,2024-01-14T08:22:24Z,ATOM,0.002245,0.0227811375,Coinbase,,,
b9d698ec-ed85-52dc-a9f8-b77d283eb24e,Rewards,2024-01-14T15:45:53Z,ATOM,0.191131,1.950874117,Coinbase,,,
9f89a22e-fc96-5043-b9bb-beef55db715b,Rewards,2024-01-14T17:55:37Z,XTZ,0.398046,0.466509912,Coinbase,,,
d45e4401-44b4-552f-8598-d0e95024eb27,Rewards,2024-01-14T21:03:50Z,XTZ,0.405904,0.464151224,Coinbase,,,
e9d13331-a6a3-5302-bc55-8638fe9ad60c,Rewards,2024-01-15T05:41:11Z,SOL,0.017594214,1.68253468482,Coinbase,,,
d98d2424-34d4-5a6d-a3d9-5a1b1532dfdc,Rewards,2024-01-15T05:44:45Z,DOT,0.0545271557,0.4142973290086,Coinbase,,,
4cd8f9e0-e494-5d26-9838-ef2eae503ab5,Rewards,2024-01-15T20:30:56Z,SOL,0.000055557,0.00532847187,Coinbase,,,
5285de58-048c-52f3-8980-c5c76612c6b3,Rewards,2024-01-16T12:19:52Z,XTZ,0.406679,0.4605639675,Coinbase,,,
e1bc00eb-dfbe-5c99-b53b-6ee6b00c1b2e,Rewards,2024-01-16T19:21:42Z,ETH,0.000936218292,2.3989423459635,Coinbase,,,
1014b5a6-368b-55ab-8b41-7ccf530becbd,Rewards,2024-01-16T20:13:51Z,SOL,0.017729029,1.721045490175,Coinbase,,,
991fca3f-6155-53e0-b4af-9202ddd49449,Rewards,2024-01-16T22:30:01Z,DOT,0.0119851192,0.0908292258572,Coinbase,,,
c70eebc7-b88c-5be2-97cb-ba9ddde13c1e,Rewards,2024-01-16T23:27:29Z,DOT,0.0463283475,0.3486208149375,Coinbase,,,
7ac54e06-007d-5d10-8d59-d2f625d6f8fd,Rewards,2024-01-17T18:28:02Z,SOL,0.000059736,0.00592372044,Coinbase,,,
a43c7ba4-550e-55cf-8c4d-1eb593e18632,Rewards,2024-01-20T00:19:36Z,DOT,0.052336854,0.357434544393,Coinbase,,,
a38853ad-48fb-5852-958c-bf7a1c65729a,Rewards,2024-01-20T00:57:54Z,ADA,0.876819,0.43757652195,Coinbase,,,
3d22a0b6-1e0e-5576-821f-bc97262c1f9e,Rewards,2024-01-20T06:04:18Z,ATOM,0.173917,1.673603291,Coinbase,,,
ea4cc706-1560-5b50-aecf-32d45cdc85a4,Rewards,2024-01-20T09:25:26Z,SOL,0.017698613,1.62632554857,Coinbase,,,
c316515d-30c7-541e-b7da-a569bb35d3df,Rewards,2024-01-20T11:13:42Z,XTZ,0.403997,0.417328901,Coinbase,,,
be9c3221-7d81-57cd-8667-69895f63a32f,Rewards,2024-01-20T15:34:08Z,ETH,0.000928228478,2.29316060804466,Coinbase,,,
cfe010c1-8b34-506e-934c-acdcf8dedba9,Rewards,2024-01-20T16:48:20Z,DOT,0.0075566433,0.0516043170957,Coinbase,,,
c18af84c-27e7-59f6-b34d-f422a935fbdd,Rewards,2024-01-20T16:58:08Z,DOT,0.098135655,0.6692360992725,Coinbase,,,
ff6a8264-4e1a-506d-a228-726885177f2d,Rewards,2024-01-20T17:47:11Z,SOL,0.000131112,0.01194036984,Coinbase,,,
9ade09d8-2ffa-5f05-8f21-578811a03388,Rewards,2024-01-20T21:05:07Z,DOT,0.0363157504,0.2498705206272,Coinbase,,,
96c01475-b83e-5d41-b6f2-2a92626d8e78,Rewards,2024-01-21T21:27:32Z,DOT,0.0512392,0.3524744568,Coinbase,,,
fc29e486-7f49-5c35-8639-58617173b9f0,Rewards,2024-01-21T21:51:50Z,SOL,0.003072876,0.28367254794,Coinbase,,,
a72f2a36-c642-5422-961e-57470e9e510d,Rewards,2024-01-21T22:15:51Z,DOT,0.0521098704,0.358255359,Coinbase,,,
3c0b9503-e6a8-5cbe-8562-f6d99fe20485,Rewards,2024-01-22T03:14:59Z,SOL,0.017287452,1.5407441595,Coinbase,,,
ea4950e7-9f45-5463-9ede-3bbe33048e87,Rewards,2024-01-22T04:56:32Z,ADA,0.879935,0.4345998965,Coinbase,,,
5fb74e14-8d9f-5e33-ac74-4b57fe2105cf,Rewards,2024-01-22T12:12:24Z,XTZ,0.197084,0.194423366,Coinbase,,,
dd3bf0e1-f01b-53fd-b07f-eddbc7cdba29,Rewards,2024-01-22T16:17:13Z,ETH,0.001047486721,2.478065523037725,Coinbase,,,
79e3fb9f-f4ba-5442-b4a5-b0f8d22363df,Rewards,2024-01-22T20:14:17Z,SOL,0.000159036,0.01340912034,Coinbase,,,
d16b1476-a14f-52d3-996f-ce289a2d1ec5,Rewards,2024-01-22T22:53:45Z,DOT,0.0138546756,0.0884759583816,Coinbase,,,
faa1fc8d-7e28-551b-8116-85dd3bf99896,Rewards,2024-01-23T17:28:15Z,SOL,0.017781688,1.475880104,Coinbase,,,
8e9d4419-06d1-50e9-8a26-1f4f89b8313a,Rewards,2024-01-23T21:39:54Z,DOT,0.0475046593,0.29526520987915,Coinbase,,,
59b8b8a2-8fe5-5d0c-a4b9-071ffc70fe9f,Rewards,2024-01-24T20:49:58Z,DOT,0.0486036406,0.3060814266785,Coinbase,,,
beb34734-c70a-5434-a265-36d9ae9843ec,Rewards,2024-01-25T12:56:50Z,ATOM,0.090851,0.8310595225,Coinbase,,,
14bbb296-5009-5352-94c5-4064156f6cb2,Rewards,2024-01-25T13:03:58Z,XTZ,0.401057,0.371779839,Coinbase,,,
2d45d845-afbd-5365-a39c-b7bd21c79633,Rewards,2024-01-25T16:31:02Z,ATOM,0.091285,0.8324735575,Coinbase,,,
b9ede357-9b37-5079-b218-68016fd15a78,Rewards,2024-01-25T17:11:58Z,ETH,0.000903826435,1.966089124923325,Coinbase,,,
9d0ec0bc-86c1-5a73-8bc4-610530eb734c,Rewards,2024-01-25T20:40:34Z,SOL,0.017821507,1.554302733005,Coinbase,,,
9d5f4f97-292f-5cc9-a4c7-23d9d0a22e4c,Rewards,2024-01-26T00:37:25Z,DOT,0.0585772852,0.3741331205724,Coinbase,,,
aa4a3a0c-b334-529f-8157-8536bf69d640,Rewards,2024-01-26T21:29:58Z,DOT,0.052390911,0.3487400990715,Coinbase,,,
6b16b1a7-c4c6-5d32-b06c-5154783b5660,Rewards,2024-01-27T01:58:52Z,ADA,0.844012,0.4099366284,Coinbase,,,
cfe56bb9-8815-527f-9190-10f78871d87f,Rewards,2024-01-27T20:53:26Z,SOL,0.017937031,1.67137254858,Coinbase,,,
befc20ce-31d3-549f-bd7f-bdf40261b557,Rewards,2024-01-27T21:28:28Z,DOT,0.0852367271,0.5701484675719,Coinbase,,,
96d46e3f-8391-5e6f-ad90-377310bc223e,Converted from,2024-01-28T06:57:41Z,,,,,ATOM,8.21,78.4378781875
7318733b-7f99-5c44-adf5-e2fe70e3062e,Advanced trade trade,2024-01-28T06:57:41Z,USDC,78.44196882,78.44196882,Coinbase,,,
7183ef56-d60c-53de-9a09-39833dc02b15,Converted from,2024-01-28T06:59:56Z,,,,,USDC,79.4559109159,79.4559109159
9cac586e-2e57-5454-a87a-a7d9d36f4cfc,Advanced trade trade,2024-01-28T06:59:56Z,LTC,1.16207785,79.46759560868175,Coinbase,,,
bffa781c-e413-5dfd-9f65-71b0c41abaf8,Rewards,2024-01-28T10:59:25Z,XTZ,0.408149,0.4067204785,Coinbase,,,
c5704ede-38da-5dc8-80b7-9f42ba4008e9,Rewards,2024-01-28T20:52:32Z,DOT,0.04747001,0.316458821665,Coinbase,,,
4ae4554b-7000-5401-a1d9-197a749e5200,Rewards,2024-01-29T21:09:43Z,DOT,0.0561536496,0.40220051526,Coinbase,,,
6f493368-df64-548a-b914-ada8ab18cd2c,Rewards,2024-01-29T21:11:15Z,DOT,0.0161726301,0.11573942731065,Coinbase,,,
,Reward,2024-01-30T16:00:00Z,CBETH,0.0022421134668398,5.557852032834243882542925631197,Coinbase,,,
b9a989c6-f00a-5332-9d54-e3efc28aa21d,Rewards,2024-01-30T18:56:54Z,ETH,0.000801271718,1.90584481305595,Coinbase,,,
6f5c2802-a338-52d2-aebb-6b08b5d10384,Rewards,2024-01-30T20:50:29Z,DOT,0.052287052,0.367159679144,Coinbase,,,
8e12cc17-c44b-5a54-90c8-a65559e3f457,Rewards,2024-01-31T12:09:17Z,XTZ,0.40882,0.39492012,Coinbase,,,
e9346a3e-7946-54e5-963d-d2df513017f4,Rewards,2024-01-31T21:43:17Z,SOL,0.0179289,1.736951832,Coinbase,,,
e232eca6-f29c-5c08-ac59-5226f442f281,Rewards,2024-01-31T23:14:51Z,DOT,0.0524673811,0.34814730728905,Coinbase,,,
f17498ef-8d66-5fed-8d8d-6dad37fd52fb,Rewards,2024-02-01T02:12:55Z,ADA,0.867641,0.42449335925,Coinbase,,,
398a5f76-ad3f-5434-b7af-c2ccc33ec06f,Rewards,2024-02-01T12:55:35Z,ATOM,0.181016,1.655119796,Coinbase,,,
30f86d41-9eaa-5761-8fb7-93e78c6f167c,Rewards,2024-02-01T18:04:13Z,ETH,0.001008135375,2.322461626095,Coinbase,,,
dd3539eb-635c-5110-951f-750a020da58b,Rewards,2024-02-01T18:20:27Z,SOL,0.017611259,1.71586496437,Coinbase,,,
e030e5e7-ba3d-5c9f-ab7a-4f0d2719a245,Rewards,2024-02-02T18:20:39Z,SOL,0.017829808,1.76452694872,Coinbase,,,
65139cbe-6e3d-524d-901f-995f3e2c7062,Rewards,2024-02-02T21:01:59Z,DOT,0.0522067722,0.3605660721993,Coinbase,,,
8de333fb-acaf-5248-8ac4-c66ad43ebe89,Rewards,2024-02-03T19:45:34Z,ETH,0.000845119944,1.94532666629724,Coinbase,,,
ef93d589-d7ae-5cda-8a57-c69406afd31c,Rewards,2024-02-03T21:12:16Z,DOT,0.0529767356,0.3646918478704,Coinbase,,,
4ed9f90b-af70-58d5-957f-f0423106b5b8,Rewards,2024-02-04T16:14:24Z,USDC,0.003663,0.003663,Coinbase,,,
79fc462d-d9bc-5528-b9d1-547b3d630066,Rewards,2024-02-04T21:09:33Z,SOL,0.017901527,1.731346183805,Coinbase,,,
6b325951-40f5-568b-ac99-04379ded5fa6,Rewards,2024-02-04T22:19:08Z,DOT,0.0908672885,0.6145354721255,Coinbase,,,
5140c9d1-0977-573a-a153-dc5027bb628c,Rewards,2024-02-05T21:36:26Z,DOT,0.0521655692,0.3496136447784,Coinbase,,,
7e00fae3-e059-5196-b0e1-bb6eec70db42,Rewards,2024-02-05T22:06:59Z,ADA,0.799874,0.3925781592,Coinbase,,,
02d15873-4698-54af-92c9-c2e6a69d9594,Rewards,2024-02-06T11:40:11Z,XTZ,0.402918,0.394658181,Coinbase,,,
b677d57f-f87f-57f3-881e-52574bfa214a,Rewards,2024-02-06T17:08:51Z,ETH,0.001095956467,2.577771807119025,Coinbase,,,
e80d0474-689c-505f-8d9d-d61513385f09,Rewards,2024-02-06T22:18:53Z,SOL,0.017621644,1.70603946386,Coinbase,,,
6ddf9a2a-2380-5c7b-b844-63f788a59d5b,Rewards,2024-02-07T00:25:44Z,DOT,0.051638674,0.351039705852,Coinbase,,,
61784830-8b6e-56c4-a7c9-213cf015c154,Rewards,2024-02-07T00:50:17Z,DOT,0.0126465356,0.0858636534562,Coinbase,,,
7ceb9725-4397-5868-abad-2b3d2c7cc823,Rewards,2024-02-07T21:04:45Z,DOT,0.0549783098,0.3814120242375,Coinbase,,,
